-- --------------------------------------------------------
-- Host:                         127.0.0.1
-- Server version:               5.5.5-10.0.10-MariaDB - mariadb.org binary distribution
-- Server OS:                    Win64
-- HeidiSQL Version:             8.0.0.4396
-- --------------------------------------------------------

/*!40101 SET @OLD_CHARACTER_SET_CLIENT=@@CHARACTER_SET_CLIENT */;
/*!40101 SET NAMES utf8 */;
/*!40014 SET @OLD_FOREIGN_KEY_CHECKS=@@FOREIGN_KEY_CHECKS, FOREIGN_KEY_CHECKS=0 */;
/*!40101 SET @OLD_SQL_MODE=@@SQL_MODE, SQL_MODE='NO_AUTO_VALUE_ON_ZERO' */;

-- Dumping database structure for telegramdb
DROP DATABASE IF EXISTS `telegramdb`;
CREATE DATABASE IF NOT EXISTS `telegramdb` /*!40100 DEFAULT CHARACTER SET latin1 */;
USE `telegramdb`;


-- Dumping structure for table telegramdb.advertise
DROP TABLE IF EXISTS `advertise`;
CREATE TABLE IF NOT EXISTS `advertise` (
  `id` int(10) NOT NULL AUTO_INCREMENT,
  `regionId` int(10) DEFAULT NULL,
  `candidaId` int(10) DEFAULT NULL,
  `day` int(10) DEFAULT NULL,
  `count` int(10) DEFAULT NULL,
  `content` varchar(400) DEFAULT NULL,
  `titel` varchar(200) DEFAULT NULL,
  `icon_url` varchar(1000) DEFAULT NULL,
  PRIMARY KEY (`id`)
) ENGINE=InnoDB AUTO_INCREMENT=26 DEFAULT CHARSET=utf32;

-- Dumping data for table telegramdb.advertise: ~5 rows (approximately)
/*!40000 ALTER TABLE `advertise` DISABLE KEYS */;
REPLACE INTO `advertise` (`id`, `regionId`, `candidaId`, `day`, `count`, `content`, `titel`, `icon_url`) VALUES
	(2, 79, 1, 0, 1, 'ما اهل عملیم', 'میرازیی', 'http://netdna.webdesignerdepot.com/uploads/circular_logos/Accelrys.jpg'),
	(3, 66, 1, 0, 1, 'از حرف تا عمل فاصله بسیار است', 'فتح نیا', 'http://www.codeproject.com/KB/GDI-plus/ImageProcessing2/img.jpg'),
	(4, 79, 1, 0, 1, 'سلام تبلیغات;از حرف تا عمل راه طولانی داریم;ما مردم را دوست نداریم پول دوست داریم', 'مردم', 'http://www.codeproject.com/KB/GDI-plus/ImageProcessing2/img.jpg'),
	(5, 66, 1, 0, 1, 'مردم فقط بازیچه هستند ;مردم به چیز ما هم نیستند فقط رای دهند;بیایید مملکت را آباد کنیم', 'مملکت', 'https://upload.wikimedia.org/wikipedia/en/1/13/Lily.img.jpg'),
	(25, 79, 92476023, 1, 5, 'سلام;سلام;طالبیان;ایمان بیا بریم دیگه', 'ایمان', 'http://www.codeproject.com/KB/GDI-plus/ImageProcessing2/img.jpg');
/*!40000 ALTER TABLE `advertise` ENABLE KEYS */;


-- Dumping structure for table telegramdb.advertise_version
DROP TABLE IF EXISTS `advertise_version`;
CREATE TABLE IF NOT EXISTS `advertise_version` (
  `id` int(10) NOT NULL,
  `regionId` int(10) DEFAULT NULL,
  `day` int(10) DEFAULT NULL,
  `version` int(10) DEFAULT NULL,
  PRIMARY KEY (`id`)
) ENGINE=InnoDB DEFAULT CHARSET=latin1;

-- Dumping data for table telegramdb.advertise_version: ~0 rows (approximately)
/*!40000 ALTER TABLE `advertise_version` DISABLE KEYS */;
REPLACE INTO `advertise_version` (`id`, `regionId`, `day`, `version`) VALUES
	(0, 79, 1, 0),
	(1, 66, 1, 0);
/*!40000 ALTER TABLE `advertise_version` ENABLE KEYS */;


-- Dumping structure for table telegramdb.city
DROP TABLE IF EXISTS `city`;
CREATE TABLE IF NOT EXISTS `city` (
  `id` int(10) NOT NULL,
  `stateID` int(10) NOT NULL,
  `city` varchar(50) CHARACTER SET utf8 COLLATE utf8_persian_ci NOT NULL,
  `regionId` int(11) NOT NULL,
  PRIMARY KEY (`id`),
  KEY `stateId` (`stateID`),
  KEY `FK_city_region` (`regionId`),
  CONSTRAINT `FK_city_region` FOREIGN KEY (`regionId`) REFERENCES `region` (`id`),
  CONSTRAINT `FK_city_state` FOREIGN KEY (`stateID`) REFERENCES `state` (`id`)
) ENGINE=InnoDB DEFAULT CHARSET=utf32 COLLATE=utf32_persian_ci COMMENT='شهرستان';

-- Dumping data for table telegramdb.city: ~371 rows (approximately)
/*!40000 ALTER TABLE `city` DISABLE KEYS */;
REPLACE INTO `city` (`id`, `stateID`, `city`, `regionId`) VALUES
	(1, 1, 'شهرستان گرمي', 1),
	(2, 1, 'شهرستان مشگين شهر', 2),
	(3, 1, 'شهرستان اردبيل', 3),
	(4, 1, 'شهرستان نمين', 3),
	(5, 1, 'شهرستان نير', 3),
	(6, 1, 'شهرستان پارس آباد', 4),
	(7, 1, 'شهرستان بيله سوار', 4),
	(8, 1, 'شهرستان خلخال', 5),
	(9, 1, 'شهرستان كوثر', 5),
	(10, 2, 'شهرستان اصفهان', 6),
	(11, 2, 'شهرستان اردستان', 7),
	(12, 2, 'شهرستان خميني شهر', 8),
	(13, 2, 'شهرستان سميرم', 9),
	(14, 2, 'شهرستان فلاورجان', 10),
	(15, 2, 'شهرستان لنجان', 11),
	(16, 2, 'شهرستان مباركه', 12),
	(17, 2, 'شهرستان شاهين شهروميمه', 13),
	(18, 2, 'شهرستان برخوار', 13),
	(19, 2, 'شهرستان شهرضا', 14),
	(20, 2, 'شهرستان سميرم سفلي', 14),
	(21, 2, 'شهرستان فريدن', 15),
	(22, 2, 'شهرستان چادگان', 15),
	(23, 2, 'شهرستان فريدونشهر', 15),
	(24, 2, 'شهرستان كاشان', 16),
	(25, 2, 'شهرستان آران وبيدگل', 16),
	(26, 2, 'شهرستان گلپايگان', 17),
	(27, 2, 'شهرستان خوانسار', 17),
	(28, 2, 'شهرستان نائين', 18),
	(29, 2, 'شهرستان خور و بيابانك', 18),
	(30, 2, 'شهرستان نجف آباد', 19),
	(31, 9, 'شهرستان شهركرد', 57),
	(32, 9, 'شهرستان بروجن', 58),
	(33, 2, 'شهرستان تيران وكرون', 19),
	(34, 9, 'شهرستان لردگان', 59),
	(35, 2, 'شهرستان نطنز', 20),
	(36, 10, 'شهرستان قائنات', 61),
	(37, 11, 'شهرستان درگز', 65),
	(38, 4, 'شهرستان ايلام', 23),
	(39, 4, 'شهرستان ايوان', 23),
	(40, 12, 'شهرستان اسفراين', 77),
	(41, 4, 'شهرستان شيروان وچرداول', 23),
	(42, 4, 'شهرستان مهران', 23),
	(43, 12, 'شهرستان شيروان', 78),
	(44, 13, 'شهرستان اهواز', 80),
	(45, 4, 'شهرستان دهلران', 24),
	(46, 4, 'شهرستان دره شهر', 24),
	(47, 4, 'شهرستان آبدانان', 24),
	(48, 13, 'شهرستان آبادان', 81),
	(49, 5, 'شهرستان بستان آباد', 25),
	(50, 13, 'شهرستان انديمشك', 82),
	(51, 5, 'شهرستان بناب', 26),
	(52, 13, 'شهرستان بهبهان', 83),
	(53, 5, 'شهرستان سراب', 27),
	(54, 5, 'شهرستان شبستر', 28),
	(55, 13, 'شهرستان خرمشهر', 84),
	(56, 5, 'شهرستان ملكان', 29),
	(57, 13, 'شهرستان دزفول', 85),
	(58, 13, 'شهرستان شادگان', 86),
	(59, 5, 'شهرستان تبريز', 30),
	(60, 5, 'شهرستان آذرشهر', 30),
	(61, 5, 'شهرستان اسكو', 30),
	(62, 13, 'شهرستان شوش', 87),
	(63, 5, 'شهرستان ورزقان', 31),
	(64, 14, 'شهرستان خدابنده', 94),
	(65, 5, 'شهرستان اهر', 32),
	(66, 15, 'شهرستان دامغان', 98),
	(67, 5, 'شهرستان هريس', 32),
	(68, 5, 'شهرستان كليبر', 33),
	(69, 15, 'شهرستان شاهرود', 99),
	(70, 5, 'شهرستان مراغه', 34),
	(71, 15, 'شهرستان گرمسار', 100),
	(72, 5, 'شهرستان عجب شير', 34),
	(73, 16, 'شهرستان زاهدان', 102),
	(74, 5, 'شهرستان مرند', 35),
	(75, 17, 'شهرستان شيراز', 108),
	(76, 5, 'شهرستان جلفا', 35),
	(77, 5, 'شهرستان ميانه', 36),
	(78, 17, 'شهرستان اقليد', 109),
	(79, 5, 'شهرستان هشترود', 37),
	(80, 17, 'شهرستان جهرم', 110),
	(81, 5, 'شهرستان چاراويماق', 37),
	(82, 17, 'شهرستان سپيدان', 111),
	(83, 6, 'شهرستان پيرانشهر', 38),
	(84, 17, 'شهرستان فسا', 112),
	(85, 6, 'شهرستان ماكو', 39),
	(86, 17, 'شهرستان كازرون', 113),
	(87, 6, 'شهرستان مياندواب', 40),
	(88, 6, 'شهرستان اروميه', 41),
	(89, 17, 'شهرستان ممسني', 114),
	(90, 6, 'شهرستان بوكان', 42),
	(91, 18, 'شهرستان بوئين زهرا', 123),
	(92, 6, 'شهرستان سردشت', 38),
	(93, 18, 'شهرستان تاكستان', 124),
	(94, 6, 'شهرستان خوي', 43),
	(95, 19, 'شهرستان قم', 126),
	(96, 6, 'شهرستان چايپاره', 43),
	(97, 20, 'شهرستان بيجار', 127),
	(98, 6, 'شهرستان سلماس', 44),
	(99, 21, 'شهرستان بافت', 132),
	(100, 6, 'شهرستان چالدران', 39),
	(101, 6, 'شهرستان پلدشت', 39),
	(102, 21, 'شهرستان رفسنجان', 133),
	(103, 6, 'شهرستان شوط', 39),
	(104, 21, 'شهرستان شهربابك', 134),
	(105, 6, 'شهرستان مهاباد', 45),
	(106, 22, 'شهرستان كرمانشاه', 141),
	(107, 6, 'شهرستان شاهين دژ', 40),
	(108, 6, 'شهرستان تكاب', 40),
	(109, 22, 'شهرستان سنقر', 142),
	(110, 6, 'شهرستان نقده', 46),
	(111, 23, 'شهرستان گچساران', 148),
	(112, 6, 'شهرستان اشنويه', 46),
	(113, 7, 'شهرستان دشتستان', 47),
	(114, 24, 'شهرستان علي آباد', 151),
	(115, 24, 'شهرستان گنبدكاووس', 152),
	(116, 7, 'شهرستان بوشهر', 48),
	(117, 25, 'شهرستان رشت', 157),
	(118, 7, 'شهرستان گناوه', 48),
	(119, 7, 'شهرستان ديلم', 48),
	(120, 25, 'شهرستان آستارا', 158),
	(121, 25, 'شهرستان آستانه اشرفيه', 159),
	(122, 7, 'شهرستان دشتي', 49),
	(123, 25, 'شهرستان بندرانزلي', 160),
	(124, 7, 'شهرستان تنگستان', 49),
	(125, 7, 'شهرستان كنگان', 50),
	(126, 25, 'شهرستان رودبار', 161),
	(127, 7, 'شهرستان دير', 50),
	(128, 7, 'شهرستان جم', 50),
	(129, 25, 'شهرستان صومعه سرا', 162),
	(130, 8, 'شهرستان پاكدشت', 51),
	(131, 8, 'شهرستان رباط كريم', 52),
	(132, 25, 'شهرستان لنگرود', 163),
	(133, 8, 'شهرستان شهريار', 53),
	(134, 26, 'شهرستان اليگودرز', 168),
	(135, 3, 'شهرستان كرج', 21),
	(136, 26, 'شهرستان بروجرد', 169),
	(137, 8, 'شهرستان ورامين', 54),
	(138, 26, 'شهرستان پلدختر', 170),
	(139, 8, 'شهرستان تهران', 55),
	(140, 8, 'شهرستان شميرانات', 55),
	(141, 8, 'شهرستان اسلامشهر', 55),
	(142, 26, 'شهرستان كوهدشت', 171),
	(143, 27, 'شهرستان ساري', 175),
	(144, 8, 'شهرستان ري', 55),
	(145, 8, 'شهرستان دماوند', 56),
	(146, 27, 'شهرستان آمل', 176),
	(147, 8, 'شهرستان فيروزكوه', 56),
	(148, 27, 'شهرستان بابل', 177),
	(149, 28, 'شهرستان خمين', 184),
	(150, 28, 'شهرستان شازند', 185),
	(151, 30, 'شهرستان همدان', 193),
	(152, 30, 'شهرستان اسدآباد', 194),
	(153, 30, 'شهرستان تويسركان', 195),
	(154, 30, 'شهرستان رزن', 196),
	(155, 30, 'شهرستان ملاير', 197),
	(156, 30, 'شهرستان نهاوند', 198),
	(157, 31, 'شهرستان اردكان', 200),
	(158, 32, 'اقليت ها ارمني جنوب', 204),
	(159, 32, 'اقليت ها زرتشتيان', 205),
	(160, 32, 'اقليت ها كليميان', 206),
	(161, 32, 'اقليت ها آشوري وكلداني', 207),
	(162, 32, 'اقليت ها ارمني شمال', 208),
	(163, 3, 'شهرستان ساوجبلاغ', 22),
	(164, 3, 'شهرستان نظرآباد', 22),
	(165, 9, 'شهرستان اردل', 60),
	(166, 9, 'شهرستان فارسان', 60),
	(167, 9, 'شهرستان كوهرنگ', 60),
	(168, 9, 'شهرستان كيار', 60),
	(169, 10, 'شهرستان بيرجند', 62),
	(170, 10, 'شهرستان درميان', 62),
	(171, 10, 'شهرستان نهبندان', 63),
	(172, 10, 'شهرستان سربيشه', 63),
	(173, 10, 'شهرستان فردوس', 64),
	(174, 10, 'شهرستان سرايان', 64),
	(175, 10, 'شهرستان طبس', 64),
	(176, 11, 'شهرستان مشهد', 66),
	(177, 11, 'شهرستان كلات', 66),
	(178, 11, 'شهرستان تربت جام', 67),
	(179, 11, 'شهرستان تايباد', 67),
	(180, 11, 'شهرستان تربت حيدريه', 68),
	(181, 11, 'شهرستان چناران', 69),
	(182, 11, 'شهرستان بينالود', 69),
	(183, 11, 'شهرستان خواف', 70),
	(184, 11, 'شهرستان رشتخوار', 70),
	(185, 11, 'شهرستان سبزوار', 71),
	(186, 11, 'شهرستان جغتاي', 71),
	(187, 11, 'شهرستان جوين', 71),
	(188, 11, 'شهرستان فريمان', 72),
	(189, 11, 'شهرستان سرخس', 72),
	(190, 11, 'شهرستان قوچان', 73),
	(191, 11, 'شهرستان فاروج', 73),
	(192, 11, 'شهرستان كاشمر', 74),
	(193, 11, 'شهرستان خليل آباد', 74),
	(194, 11, 'شهرستان بردسكن', 74),
	(195, 11, 'شهرستان گناباد', 75),
	(196, 11, 'شهرستان بجستان', 75),
	(197, 11, 'شهرستان نيشابور', 76),
	(198, 11, 'شهرستان تخت جلگه', 76),
	(199, 12, 'شهرستان بجنورد', 79),
	(200, 12, 'شهرستان مانه وسملقان', 79),
	(201, 12, 'شهرستان جاجرم', 79),
	(202, 13, 'شهرستان ايذه', 88),
	(203, 13, 'شهرستان باغملك', 88),
	(204, 13, 'شهرستان بندرماهشهر', 89),
	(205, 13, 'شهرستان اميديه', 89),
	(206, 13, 'شهرستان هنديجان', 89),
	(207, 13, 'شهرستان دشت آزادگان', 90),
	(208, 13, 'شهرستان هويزه', 90),
	(209, 13, 'شهرستان رامهرمز', 91),
	(210, 13, 'شهرستان رامشير', 91),
	(211, 13, 'شهرستان شوشتر', 92),
	(212, 13, 'شهرستان گتوند', 92),
	(213, 13, 'شهرستان مسجدسليمان', 93),
	(214, 13, 'شهرستان لالي', 93),
	(215, 13, 'شهرستان هفتگل', 93),
	(216, 13, 'شهرستان انديكا', 93),
	(217, 14, 'شهرستان زنجان', 95),
	(218, 14, 'شهرستان طارم', 95),
	(219, 14, 'شهرستان ابهر', 96),
	(220, 14, 'شهرستان خرمدره', 96),
	(221, 14, 'شهرستان ماهنشان', 97),
	(222, 14, 'شهرستان ايجرود', 97),
	(223, 15, 'شهرستان سمنان', 101),
	(224, 15, 'شهرستان مهدي شهر', 101),
	(225, 16, 'شهرستان ايرانشهر', 103),
	(226, 16, 'شهرستان دلگان', 103),
	(227, 16, 'شهرستان سرباز', 103),
	(228, 16, 'شهرستان بنت', 103),
	(229, 16, 'شهرستان چاه بهار', 104),
	(230, 16, 'شهرستان نيك شهر', 104),
	(231, 16, 'شهرستان كنارك', 104),
	(232, 16, 'شهرستان خاش', 105),
	(233, 16, 'شهرستان خاش', 105),
	(234, 16, 'شهرستان زابل', 106),
	(235, 16, 'شهرستان ميانكنگي', 106),
	(236, 16, 'شهرستان زهك', 106),
	(237, 16, 'شهرستان سراوان', 107),
	(238, 16, 'شهرستان سيب وسوران', 107),
	(239, 16, 'شهرستان زابلي', 107),
	(240, 17, 'شهرستان آباده', 115),
	(241, 17, 'شهرستان بوانات', 115),
	(242, 17, 'شهرستان خرم بيد', 115),
	(243, 17, 'شهرستان ني ريز', 116),
	(244, 17, 'شهرستان استهبان', 116),
	(245, 17, 'شهرستان داراب', 117),
	(246, 17, 'شهرستان زرين دشت', 117),
	(247, 17, 'شهرستان سروستان', 118),
	(248, 17, 'شهرستان کوار', 118),
	(249, 17, 'شهرستان فيروزآباد', 119),
	(250, 17, 'شهرستان فراشبند', 119),
	(251, 17, 'شهرستان قيروكارزين', 119),
	(252, 17, 'شهرستان لارستان', 120),
	(253, 17, 'شهرستان خنج', 120),
	(254, 17, 'شهرستان لامرد', 121),
	(255, 17, 'شهرستان مهر', 121),
	(256, 17, 'شهرستان مرودشت', 122),
	(257, 17, 'شهرستان پاسارگاد', 122),
	(258, 17, 'شهرستان ارسنجان', 122),
	(259, 18, 'شهرستان قزوين', 125),
	(260, 18, 'شهرستان آبيك', 125),
	(261, 18, 'شهرستان البرز', 125),
	(262, 20, 'شهرستان سنندج', 128),
	(263, 20, 'شهرستان ديواندره', 128),
	(264, 20, 'شهرستان كامياران', 128),
	(265, 20, 'شهرستان سقز', 129),
	(266, 20, 'شهرستان بانه', 129),
	(267, 20, 'شهرستان قروه', 130),
	(268, 20, 'شهرستان دهگلان', 130),
	(269, 20, 'شهرستان مريوان', 131),
	(270, 20, 'شهرستان سروآباد', 131),
	(271, 21, 'شهرستان كرمان', 135),
	(272, 21, 'شهرستان راور', 135),
	(273, 21, 'شهر ستان بم', 136),
	(274, 21, 'شهرستان ريگان', 136),
	(275, 21, 'شهرستان جيرفت', 137),
	(276, 21, 'شهرستان عنبرآباد', 137),
	(277, 21, 'شهرستان زرند', 138),
	(278, 21, 'شهرستان كوهبنان', 138),
	(279, 21, 'شهرستان سيرجان', 139),
	(280, 21, 'شهرستان بردسير', 139),
	(281, 21, 'شهرستان كهنوج', 140),
	(282, 21, 'شهرستان منوجان', 140),
	(283, 21, 'شهرستان رودبارجنوب', 140),
	(284, 21, 'شهرستان قلعه گنج', 140),
	(285, 22, 'شهرستان اسلام آبادغرب', 143),
	(286, 22, 'شهرستان دالاهو', 143),
	(287, 22, 'شهرستان پاوه', 144),
	(288, 22, 'شهرستان جوانرود', 144),
	(289, 22, 'شهرستان ثلاث باباجاني', 144),
	(290, 22, 'شهرستان روانسر', 144),
	(291, 22, 'شهرستان قصرشيرين', 145),
	(292, 22, 'شهرستان سرپل ذهاب', 145),
	(293, 22, 'شهرستان گيلانغرب', 145),
	(294, 22, 'شهرستان كنگاور', 146),
	(295, 22, 'شهرستان صحنه', 146),
	(296, 22, 'شهرستان هرسين', 146),
	(297, 23, 'شهرستان بويراحمد', 149),
	(298, 23, 'شهرستان دنا', 149),
	(299, 23, 'شهرستان كهگيلويه', 150),
	(300, 23, 'شهرستان بهمئي', 150),
	(301, 24, 'شهرستان گرگان', 153),
	(302, 24, 'شهرستان آق قلا', 153),
	(303, 24, 'شهرستان راميان', 154),
	(304, 24, 'شهرستان آزادشهر', 154),
	(305, 24, 'شهرستان كردكوي', 155),
	(306, 24, 'شهرستان تركمن', 155),
	(307, 24, 'شهرستان بندرگز', 155),
	(308, 24, 'شهرستان مينودشت', 156),
	(309, 24, 'شهرستان كلاله', 156),
	(310, 24, 'شهرستان مراوه تپه', 156),
	(311, 25, 'شهرستان رودسر', 164),
	(312, 25, 'شهرستان املش', 164),
	(313, 25, 'شهرستان طوالش', 165),
	(314, 25, 'شهرستان رضوانشهر', 165),
	(315, 25, 'شهرستان ماسال', 165),
	(316, 25, 'شهرستان فومن', 166),
	(317, 25, 'شهرستان شفت', 166),
	(318, 25, 'شهرستان لاهيجان', 167),
	(319, 25, 'شهرستان سياهكل', 167),
	(320, 26, 'شهرستان خرم آباد', 172),
	(321, 26, 'شهرستان دوره', 172),
	(322, 26, 'شهرستان دلفان', 173),
	(323, 26, 'شهرستان سلسله', 173),
	(324, 26, 'شهرستان دورود', 174),
	(325, 26, 'شهرستان ازنا', 174),
	(326, 27, 'شهرستان بابلسر', 178),
	(327, 27, 'شهرستان فريدونكنار', 178),
	(328, 27, 'شهرستان بهشهر', 179),
	(329, 27, 'شهرستان نكا', 179),
	(330, 27, 'شهرستان گلوگاه', 179),
	(331, 27, 'شهرستان تنكابن', 180),
	(332, 27, 'شهرستان رامسر', 180),
	(333, 27, 'شهرستان قائم شهر', 181),
	(334, 27, 'شهرستان سوادكوه', 181),
	(335, 27, 'شهرستان جويبار', 181),
	(336, 27, 'شهرستان نور', 182),
	(337, 27, 'شهرستان محمودآباد', 182),
	(338, 27, 'شهرستان نوشهر', 183),
	(339, 27, 'شهرستان چالوس', 183),
	(340, 28, 'شهرستان اراك', 186),
	(341, 28, 'شهرستان كميجان', 186),
	(342, 28, 'شهرستان خنداب', 186),
	(343, 28, 'شهرستان تفرش', 187),
	(344, 28, 'شهرستان آشتيان', 187),
	(345, 28, 'شهرستان ساوه', 188),
	(346, 28, 'شهرستان زرنديه', 188),
	(347, 28, 'شهرستان محلات', 189),
	(348, 28, 'شهرستان دليجان', 189),
	(349, 29, 'شهرستان بندرعباس', 190),
	(350, 29, 'شهرستان قشم', 190),
	(351, 29, 'شهرستان ابوموسي', 190),
	(352, 29, 'شهرستان حاجي آباد', 190),
	(353, 29, 'شهرستان خمير', 190),
	(354, 29, 'شهرستان بندرلنگه', 191),
	(355, 29, 'شهرستان بستك', 191),
	(356, 29, 'شهرستان پارسيان', 191),
	(357, 29, 'شهرستان ميناب', 192),
	(358, 29, 'شهرستان سيريك', 192),
	(359, 29, 'شهرستان رودان', 192),
	(360, 29, 'شهرستان جاسك', 192),
	(361, 30, 'شهرستان بهار', 199),
	(362, 30, 'شهرستان كبودراهنگ', 199),
	(363, 31, 'شهرستان يزد', 201),
	(364, 31, 'شهرستان صدوق', 201),
	(365, 31, 'شهرستان مهريز', 202),
	(366, 31, 'شهرستان بافق', 202),
	(367, 31, 'شهرستان ابركوه', 202),
	(368, 31, 'شهرستان خاتم', 202),
	(369, 31, 'شهرستان تفت', 203),
	(370, 31, 'شهرستان ميبد', 203),
	(371, 3, 'شهرستان طالقان', 22);
/*!40000 ALTER TABLE `city` ENABLE KEYS */;


-- Dumping structure for table telegramdb.files
DROP TABLE IF EXISTS `files`;
CREATE TABLE IF NOT EXISTS `files` (
  `id` int(10) NOT NULL AUTO_INCREMENT,
  `user_id` int(10) NOT NULL DEFAULT '0',
  `name` varchar(200) CHARACTER SET utf16 COLLATE utf16_persian_ci DEFAULT NULL,
  `type` varchar(50) DEFAULT NULL,
  PRIMARY KEY (`id`),
  KEY `FK_files_users` (`user_id`),
  CONSTRAINT `FK_files_users` FOREIGN KEY (`user_id`) REFERENCES `users` (`ID`)
) ENGINE=InnoDB DEFAULT CHARSET=latin1;

-- Dumping data for table telegramdb.files: ~0 rows (approximately)
/*!40000 ALTER TABLE `files` DISABLE KEYS */;
/*!40000 ALTER TABLE `files` ENABLE KEYS */;


-- Dumping structure for table telegramdb.group_chanel
DROP TABLE IF EXISTS `group_chanel`;
CREATE TABLE IF NOT EXISTS `group_chanel` (
  `id` int(11) NOT NULL,
  `groupId` int(11) NOT NULL,
  `regionId` int(11) NOT NULL,
  `chanel_creator_phon` varchar(100) DEFAULT NULL,
  `group_creator_phon` varchar(100) DEFAULT NULL,
  `groupNameFa` varchar(100) DEFAULT NULL,
  `chanelId` varchar(50) DEFAULT NULL,
  `chanelNameEn` varchar(100) NOT NULL,
  `chanelNameFa` varchar(100) NOT NULL,
  `chanelLink` varchar(100) DEFAULT NULL,
  `isPublic` varchar(50) DEFAULT '1',
  `groupLink` varchar(100) DEFAULT NULL,
  PRIMARY KEY (`id`)
) ENGINE=InnoDB DEFAULT CHARSET=utf32 COMMENT='گروه های تلگرام';

-- Dumping data for table telegramdb.group_chanel: ~207 rows (approximately)
/*!40000 ALTER TABLE `group_chanel` DISABLE KEYS */;
REPLACE INTO `group_chanel` (`id`, `groupId`, `regionId`, `chanel_creator_phon`, `group_creator_phon`, `groupNameFa`, `chanelId`, `chanelNameEn`, `chanelNameFa`, `chanelLink`, `isPublic`, `groupLink`) VALUES
	(1, 47944068, 1, '9037068159', '9399756074', 'حوزه گرمي', '1015394830', 'Germihozechannel', 'گرمي', 'Germihozechannel', '1', 'https://telegram.me/joinchat/CTiskgLbkYT66BZs_sVSGA'),
	(2, 97280066, 2, '9037068159', '9399756074', 'حوزه مشگين شهر', '1021516264', 'Meshginshahrhozechannel', 'مشگين شهر', 'Meshginshahrhozechannel', '1', 'https://telegram.me/joinchat/CTiskgXMYEJkbnyUI910ng'),
	(3, 64381726, 3, '9037068158', '9399756074', 'حوزه اردبيل ونمين ونير', '1025970389', 'Ardabilhozechannel', 'اردبيل ونمين ونير', 'Ardabilhozechannel', '1', 'https://telegram.me/joinchat/CTiskgPWYx6OdNfR71865g'),
	(4, 45820411, 4, '9037068158', '9399756074', 'حوزه پارس آبادوبيله سوار', '1013610536', 'Parsabadhozechannel', 'پارس آبادوبيله سوار', 'Parsabadhozechannel', '1', 'https://telegram.me/joinchat/CTiskgK7KfvwsRYYiDHSkA'),
	(5, 50559754, 5, '9037068158', '9399756074', 'حوزه خلخال وكوثر', '1024206065', 'Khalkhalhozechannel', 'خلخال وکوثر', 'Khalkhalhozechannel', '1', 'https://telegram.me/joinchat/CTiskgMDewooYmHrQWGbbQ'),
	(6, 75397890, 7, '9037068159', '9399756074', 'حوزه اردستان', '1018309482', 'Ardestanhozechannel', 'اردستان', 'Ardestanhozechannel', '1', 'https://telegram.me/joinchat/CTiskgR-ewLnEpSpLOdB4g'),
	(7, 99455748, 8, '9037068160', '9399756074', 'حوزه خميني شهر', '1010242804', 'KhomeyniShahrhozechannel', 'خميني شهر', 'KhomeyniShahrhozechannel', '1', 'https://telegram.me/joinchat/CTiskgXtkwSrFAzu4Dt8VQ'),
	(8, 85222000, 9, '9037068160', '9399756074', 'حوزه سميرم', '1024944201', 'Semiromhozechannel', 'سميرم', 'Semiromhozechannel', '1', 'https://telegram.me/joinchat/CTiskgUUYnBJ7iTcMdzkDg'),
	(9, 79062290, 10, '9037068160', '9399756074', 'حوزه فلاورجان', '1018603525', 'Falavarjanhozechannel', 'فلاورجان', 'Falavarjanhozechannel', '1', 'https://telegram.me/joinchat/CTiskgS2ZRJOYYShgo_w0Q'),
	(10, 96251363, 11, '9037068162', '9399756074', 'حوزه لنجان', '1023949548', 'ZarrinShahrhozechannel', 'لنجان', 'ZarrinShahrhozechannel', '1', 'https://telegram.me/joinchat/CTiskgW8reP2Gqv_o_oQKw'),
	(11, 63603323, 12, '9037068162', '9399756074', 'حوزه مباركه', '1022050501', 'Mobarakehhozechannel', 'مبارکه', 'Mobarakehhozechannel', '1', 'https://telegram.me/joinchat/CTiskgPKgnsReUi8lBXJTw'),
	(12, 99030711, 13, '9037068159', '9399756074', 'حوزه شاهين شهروميمه و برخوار', '1026649345', 'ShahinShahrhozechannel', 'شاهين شهروميمه و برخوار', 'ShahinShahrhozechannel', '1', 'https://telegram.me/joinchat/CTiskgXnFrejGzTwuVF7ow'),
	(14, 73247390, 15, '9037068160', '9399756074', 'حوزه فريدن وچادگان وفريدونشهر', '1016274673', 'Daranhozechannel', 'فريدن وچادگان وفريدونشهر', 'Daranhozechannel', '1', 'https://telegram.me/joinchat/CTiskgRdqp5xNySQGjugUA'),
	(15, 62723230, 16, '9037068162', '9399756074', 'حوزه كاشان وآران بيدگل', '1018662921', 'Kashanhozechannel', 'کاشان وآران بيدگل', 'Kashanhozechannel', '1', 'https://telegram.me/joinchat/CTiskgO9FJ7Cdpu01xlyZQ'),
	(16, 44829445, 17, '9037068162', '9399756074', 'حوزه گلپايگان وخوانسار', '1014896031', 'Golpayeganhozechannel', 'گلپايگان وخوانسار', 'Golpayeganhozechannel', '1', 'https://telegram.me/joinchat/CTiskgKsCwXsTrWKTmSZLw'),
	(17, 86629674, 18, '9037068162', '9399756074', 'حوزه نائين', '1013388535', 'Nainhozechannel', 'نائين', 'Nainhozechannel', '1', 'https://telegram.me/joinchat/CTiskgUp3SpPgbCFMU1Jiw'),
	(18, 81745319, 19, '9037068163', '9399756074', 'حوزه نجف آبادوتيران وكرون', '1026174771', 'Najafabadhozechannel', 'نجف آبادوتيران وکرون', 'Najafabadhozechannel', '1', 'https://telegram.me/joinchat/CTiskgTfVadJcHMLM0iSUQ'),
	(19, 97448839, 20, '9037068163', '9399756074', 'حوزه نطنزو بخش قمصر', '1022435998', 'Natanzhozechannel', 'نطنزو بخش قمصر', 'Natanzhozechannel', '1', 'https://telegram.me/joinchat/CTiskgXO84cXqah3Rs-f9Q'),
	(20, 72196336, 21, '9037068167', '9399756074', 'حوزه كرج', '1016699012', 'Karajhozechannel', 'کرج', 'Karajhozechannel', '1', 'https://telegram.me/joinchat/CTiskgRNoPBd3sLxJwbPUQ'),
	(21, 67628734, 22, '9037068167', '9399756074', 'حوزه ساوجبلاغ وطالقان ونظرآباد', '1027571612', 'Hashtgerdhozechannel', 'ساوجبلاغ وطالقان ونظرآباد', 'Hashtgerdhozechannel', '1', 'https://telegram.me/joinchat/CTiskgQH7r7okxI9hZ2bBQ'),
	(22, 89518715, 23, '9037068163', '9399756074', 'حوزه ايلام وايوان و شيروان وچرداول و مهران', '1023906137', 'Ilamhozechannel', 'ايلام وايوان و شيروان وچرداول و مهران', 'Ilamhozechannel', '1', 'https://telegram.me/joinchat/CTiskgVV8nu0r3FdfdGMAg'),
	(23, 81139693, 24, '9037068163', '9399756074', 'حوزه دهلران ودره شهروآبدانان', '1029651546', 'Dehloranhozechannel', 'دهلران ودره شهروآبدانان', 'Dehloranhozechannel', '1', 'https://telegram.me/joinchat/CTiskgTWF-3sXAIPeqNZdg'),
	(24, 76771482, 25, '9037068154', '9399756074', 'حوزه بستان آباد', '1024873687', 'Bostanabadhozechannel', 'بستان آباد', 'Bostanabadhozechannel', '1', 'https://telegram.me/joinchat/CTiskgSTcJpMaXTgCftOUw'),
	(25, 81209656, 26, '9037068154', '9399756074', 'حوزه بناب', '1014251535', 'Bonabhozechannel', 'بناب', 'Bonabhozechannel', '1', 'https://telegram.me/joinchat/CTiskgTXKTjYIC-C8jHkBg'),
	(26, 42846009, 27, '9037068154', '9399756074', 'حوزه سراب', '1029226657', 'Sarabhozechannel', 'سراب', 'Sarabhozechannel', '1', 'https://telegram.me/joinchat/CTiskgKNxzmHbP73v5-fwg'),
	(27, 97666552, 28, '9037068155', '9399756074', 'حوزه شبستر', '1011198712', 'Shabestarhozechannel', 'شبستر', 'Shabestarhozechannel', '1', 'https://telegram.me/joinchat/CTiskgXSRfg_MafGzfL1Xw'),
	(28, 78213729, 29, '9037068155', '9399756074', 'حوزه ملكان', '1029745706', 'Malekanhozechannel', 'ملکان', 'Malekanhozechannel', '1', 'https://telegram.me/joinchat/CTiskgSpcmEmQoH_U-jJ2Q'),
	(29, 57867036, 30, '9037068154', '9399756074', 'حوزه تبريزوآذرشهر واسكو', '1014864076', 'Tabrizhozechannel', 'تبريزوآذرشهر واسکو', 'Tabrizhozechannel', '1', 'https://telegram.me/joinchat/CTiskgNy-xy_uSd5wRJGGw'),
	(30, 76779994, 31, '9037068156', '9399756074', 'حوزه ورزقان', '1019273192', 'Varzaqanhozechannel', 'ورزقان', 'Varzaqanhozechannel', '1', 'https://telegram.me/joinchat/CTiskgSTkdpJmmX5POjxFQ'),
	(31, 87973268, 32, '9037068154', '9399756074', 'حوزه اهر وهريس', '1026725098', 'Aharhozechannel', 'اهر وهريس', 'Aharhozechannel', '1', 'https://telegram.me/joinchat/CTiskgU-XZQMyneS24GKZQ'),
	(32, 69939996, 33, '9037068155', '9399756074', 'حوزه كليبروبخش هوراند', '1011463480', 'Kaleybarhozechannel', 'کليبروبخش هوراند', 'Kaleybarhozechannel', '1', 'https://telegram.me/joinchat/CTiskgQrMxxOoTBcsC_fTA'),
	(33, 84091486, 34, '9037068155', '9399756074', 'حوزه مراغه وعجب شير', '1013257342', 'Maraghehhozechannel', 'مراغه وعجب شير', 'Maraghehhozechannel', '1', 'https://telegram.me/joinchat/CTiskgUDIl4d97TGbOt5jw'),
	(34, 92534033, 35, '9037068155', '9399756074', 'حوزه مرندوجلفا', '1021334334', 'Marandhozechannel', 'مرندوجلفا', 'Marandhozechannel', '1', 'https://telegram.me/joinchat/CTiskgWD9RGcST-m7qPR8w'),
	(35, 97774550, 36, '9037068156', '9399756074', 'حوزه ميانه', '1028343358', 'Mianehhozechannel', 'ميانه', 'Mianehhozechannel', '1', 'https://telegram.me/joinchat/CTiskgXT69aHe7dN9-l8dw'),
	(36, 48277058, 37, '9037068156', '9399756074', 'حوزه هشترودوچاراويماق', '1014672604', 'Hashtrudhozechannel', 'هشترودوچاراويماق', 'Hashtrudhozechannel', '1', 'https://telegram.me/joinchat/CTiskgLgpkJXVMNYPb8ytw'),
	(37, 83503642, 38, '9037068157', '9399756074', 'حوزه پيرانشهروسردشت', '1027455431', 'Piranshahrhozechannel', 'پيرانشهروسردشت', 'Piranshahrhozechannel', '1', 'https://telegram.me/joinchat/CTiskgT6KhrxT7Cef0guQw'),
	(38, 80904867, 39, '9037068157', '9399756074', 'حوزه ماكو وچالدران و پلدشت وشوط', '1013242227', 'Makuhozechannel', 'ماکو وچالدران و پلدشت وشوط', 'Makuhozechannel', '1', 'https://telegram.me/joinchat/CTiskgTSgqM6qP0tOY21Ug'),
	(39, 94999858, 40, '9037068158', '9399756074', 'حوزه مياندواب وشاهين دژوتكاب', '1013704377', 'Miandoabhozechannel', 'مياندواب وشاهين دژوتکاب', 'Miandoabhozechannel', '1', 'https://telegram.me/joinchat/CTiskgWplTL6VzGhLWf3Rg'),
	(40, 76638855, 41, '9037068156', '9399756074', 'حوزه اروميه', '1015468488', 'Urmiahozechannel', 'اروميه', 'Urmiahozechannel', '1', 'https://telegram.me/joinchat/CTiskgSRaoebcqxfo10abQ'),
	(41, 82014412, 42, '9037068156', '9399756074', 'حوزه بوكان', '1021885741', 'Bukanhozechannel', 'بوکان', 'Bukanhozechannel', '1', 'https://telegram.me/joinchat/CTiskgTjcMxZku7ifrtGXw'),
	(42, 84477842, 43, '9037068157', '9399756074', 'حوزه خوي وچايپاره', '1027438484', 'Khoyhozechannel', 'خوي وچايپاره', 'Khoyhozechannel', '1', 'https://telegram.me/joinchat/CTiskgUJB5LjtHhnc4uVuA'),
	(43, 76581783, 44, '9037068157', '9399756074', 'حوزه سلماس', '1028960455', 'Salmashozechannel', 'سلماس', 'Salmashozechannel', '1', 'https://telegram.me/joinchat/CTiskgSQi5fGGMZ-kRS_GQ'),
	(44, 89805620, 45, '9037068157', '9399756074', 'حوزه مهاباد', '1024128499', 'Mahabadhozechannel', 'مهاباد', 'Mahabadhozechannel', '1', 'https://telegram.me/joinchat/CTiskgVaUzTVNDiRA1rV-w'),
	(45, 75809787, 46, '9037068158', '9399756074', 'حوزه نقده واشنويه', '1005635360', 'Naqadehhozechannel', 'نقده واشنويه', 'Naqadehhozechannel', '1', 'https://telegram.me/joinchat/CTiskgSEw_u2ST6jz2xonA'),
	(46, 51865693, 47, '9037068166', '9399756074', 'حوزه دشتستان', '1027957550', 'Borazjanhozechannel', 'دشتستان', 'Borazjanhozechannel', '1', 'https://telegram.me/joinchat/CTiskgMXaF3RicbN3lTFEg'),
	(47, 65614069, 48, '9037068163', '9399756074', 'حوزه بوشهر وگناوه وديلم', '1028457049', 'Bushehrhozechannel', 'بوشهر وگناوه وديلم', 'Bushehrhozechannel', '1', 'https://telegram.me/joinchat/CTiskgPpMPUWNSC5TpCxUg'),
	(48, 67863071, 49, '9037068166', '9399756074', 'حوزه دشتي و تنگستان', '1020065477', 'Khormojhozechannel', 'دشتي و تنگستان', 'Khormojhozechannel', '1', 'https://telegram.me/joinchat/CTiskgQLgh-ASS_HlYz1dg'),
	(49, 83226048, 50, '9037068166', '9399756074', 'حوزه كنگان ودير وجم', '1016564645', 'BandarKanganhozechannel', 'کنگان ودير وجم', 'BandarKanganhozechannel', '1', 'https://telegram.me/joinchat/CTiskgT17cDIUr2G5x41Mg'),
	(50, 85964085, 51, '9037068166', '9399756074', 'حوزه پاكدشت', '1012225944', 'Pakdashthozechannel', 'پاکدشت', 'Pakdashthozechannel', '1', 'https://telegram.me/joinchat/CTiskgUftTWSehyGLOnrXw'),
	(51, 75726878, 52, '9037068167', '9399756074', 'حوزه رباط كريم', '1025494319', 'RobatKarimhozechannel', 'رباط کريم', 'RobatKarimhozechannel', '1', 'https://telegram.me/joinchat/CTiskgSDgB6dujeN0EhHdA'),
	(52, 93593429, 53, '9037068167', '9399756074', 'حوزه شهريار', '1014392419', 'Shahriarhozechannel', 'شهريار', 'Shahriarhozechannel', '1', 'https://telegram.me/joinchat/CTiskgWUH1WymvgRSIoYcA'),
	(53, 82762373, 54, '9037068172', '9399756074', 'حوزه ورامين', '1011381922', 'Varaminhozechannel', 'ورامين', 'Varaminhozechannel', '1', 'https://telegram.me/joinchat/CTiskgTu2oVnC-pmrTFLDQ'),
	(54, 71363674, 55, '9037068166', '9399756074', 'حوزه تهران،ري،شميرانات و اسلامشهر', '1027368026', 'Tehranhozechannel', 'تهران،ري،شميرانات و اسلامشهر', 'Tehranhozechannel', '1', 'https://telegram.me/joinchat/CTiskgRA7FqGlX-Deic_-A'),
	(55, 73606193, 56, '9037068167', '9399756074', 'حوزه دماوند و فيروزكوه', '1027040027', 'Damavandhozechannel', 'دماوند و فيروزکوه', 'Damavandhozechannel', '1', 'https://telegram.me/joinchat/CTiskgRjJDFrjAUTHaMfkA'),
	(56, 60387505, 57, '9037068172', '9399756074', 'حوزه شهركرد', '1011325838', 'Shahrekordhozechannel', 'شهرکرد', 'Shahrekordhozechannel', '1', 'https://telegram.me/joinchat/CTiskgOZcLGSh6q-RC_ExA'),
	(57, 64094770, 58, '9037068172', '9399756074', 'حوزه بروجن', '1010922408', 'Borujenhozechannel', 'بروجن', 'Borujenhozechannel', '1', 'https://telegram.me/joinchat/CTiskgPSAjLKSR-lR7pMnA'),
	(58, 98185734, 59, '9037068172', '9399756074', 'حوزه لردگان', '1018777816', 'Lordeganhozechannel', 'لردگان', 'Lordeganhozechannel', '1', 'https://telegram.me/joinchat/CTiskgXaMgYWi6xLzTQnRg'),
	(59, 83685891, 60, '9037068172', '9399756074', 'حوزه اردل و فارسان و كوهرنگ و كيار', '1013572892', 'Ardalhozechannel', 'اردل و فارسان و کوهرنگ و کيار', 'Ardalhozechannel', '1', 'https://telegram.me/joinchat/CTiskgT88gPrLD0xrBYnIw'),
	(60, 65901625, 61, '9037068173', '9399756074', 'حوزه قائنات', '1015703692', 'Qaenhozechannel', 'قائنات', 'Qaenhozechannel', '1', 'https://telegram.me/joinchat/CTiskgPtlDn-LoR_lk6sGg'),
	(61, 98682683, 62, '9037068173', '9399756074', 'حوزه بيرجند و درميان', '1016213306', 'Birjandhozechannel', 'بيرجند و درميان', 'Birjandhozechannel', '1', 'https://telegram.me/joinchat/CTiskgXhxzs9jgulB-nk8A'),
	(62, 58073691, 63, '9037068173', '9399756074', 'حوزه نهبندان و سربيشه', '1016150701', 'Nehbandanhozechannel', 'نهبندان و سربيشه', 'Nehbandanhozechannel', '1', 'https://telegram.me/joinchat/CTiskgN2IlumzIGwqu65tg'),
	(63, 66829081, 64, '9037068173', '9399756074', 'حوزه فردوس وسرايان و طبس', '1028510656', 'Ferdowshozechannel', 'فردوس وسرايان و طبس', 'Ferdowshozechannel', '1', 'https://telegram.me/joinchat/CTiskgP7uxmgKfgmV7cLIQ'),
	(64, 98181163, 65, '9037068174', '9399756074', 'حوزه درگز', '1027877465', 'Dargazhozechannel', 'درگز', 'Dargazhozechannel', '1', 'https://telegram.me/joinchat/CTiskgXaICsd5ssesL4tew'),
	(65, 59487836, 66, '9037068173', '9399756074', 'حوزه مشهد و كلات', '1024015487', 'Mashhadhozechannel', 'مشهد و کلات', 'Mashhadhozechannel', '1', 'https://telegram.me/joinchat/CTiskgOLtlxXycI24s97Vw'),
	(66, 89143104, 67, '9037068174', '9399756074', 'حوزه تربت جام وتايباد', '1026902075', 'TorbateJamhozechannel', 'تربت جام وتايباد', 'TorbateJamhozechannel', '1', 'https://telegram.me/joinchat/CTiskgVQN0BB2ZfiuIL-bg'),
	(67, 64526565, 68, '9037068174', '9399756074', 'حوزه تربت حيدريه و مه ولات', '1020461236', 'TorbateHeydariehhozechannel', 'تربت حيدريه و مه ولات', 'TorbateHeydariehhozechannel', '1', 'https://telegram.me/joinchat/CTiskgPYmOUOWVTQn8E4wA'),
	(68, 78030950, 69, '9037068174', '9399756074', 'حوزه چناران و بينالود', '1028612279', 'Chenaranhozechannel', 'چناران و بينالود', 'Chenaranhozechannel', '1', 'https://telegram.me/joinchat/CTiskgSmqGZmWromi6sLyg'),
	(69, 66761353, 70, '9037068174', '9399756074', 'حوزه خواف و رشتخوار', '1016135290', 'Khvafhozechannel', 'خواف و رشتخوار', 'Khvafhozechannel', '1', 'https://telegram.me/joinchat/CTiskgP6sonZpOgKgK5c7A'),
	(70, 60012589, 71, '9037068176', '9399756074', 'حوزه سبزوار وجغتاي و جوين', '1019158486', 'Sabzevarhozechannel', 'سبزوار وجغتاي و جوين', 'Sabzevarhozechannel', '1', 'https://telegram.me/joinchat/CTiskgOTuC0BpXaFd-BSJg'),
	(71, 81940686, 73, '9037068176', '9399756074', 'حوزه قوچان و فاروج', '1023060576', 'Quchanhozechannel', 'قوچان و فاروج', 'Quchanhozechannel', '1', 'https://telegram.me/joinchat/CTiskgTiUM5OxZPm_baVSg'),
	(72, 51893403, 74, '9037068176', '9399756074', 'حوزه كاشمرو خليل آباد وبردسكن', '1011344584', 'Kashmarhozechannel', 'کاشمرو خليل آباد وبردسکن', 'Kashmarhozechannel', '1', 'https://telegram.me/joinchat/CTiskgMX1JvDM3Vy-wSj6A'),
	(73, 74320281, 75, '9037068176', '9399756074', 'حوزه گناباد و بجستان', '1011505270', 'Gonabadhozechannel', 'گناباد و بجستان', 'Gonabadhozechannel', '1', 'https://telegram.me/joinchat/CTiskgRuCZnM2MY_STCpuQ'),
	(74, 94710727, 76, '9037068177', '9399756074', 'حوزه نيشابور و تخت جلگه', '1023143611', 'Nishapurhozechannel', 'نيشابور و تخت جلگه', 'Nishapurhozechannel', '1', 'https://telegram.me/joinchat/CTiskgWlK8dz1OWWuFFAAA'),
	(75, 50955372, 77, '9037068177', '9399756074', 'حوزه اسفراين', '1012063543', 'Esfarayenhozechannel', 'اسفراين', 'Esfarayenhozechannel', '1', 'https://telegram.me/joinchat/CTiskgMJhGwFqfAN70fbNw'),
	(76, 83543532, 78, '9037068177', '9399756074', 'حوزه شيروان', '1012104231', 'Shirvanhozechannel', 'شيروان', 'Shirvanhozechannel', '1', 'https://telegram.me/joinchat/CTiskgT6xezmeuvasZNSVw'),
	(77, 90132418, 79, '9037068177', '9399756074', 'حوزه بجنورد و مانه وسملقان و جاجرم', '1025171583', 'Bojnordhozechannel', 'بجنورد و مانه وسملقان و جاجرم', 'Bojnordhozechannel', '1', 'https://telegram.me/joinchat/CTiskgVfT8IbowiX1553qg'),
	(78, 91396652, 80, '9037068177', '9399756074', 'حوزه اهواز', '1026936125', 'Ahvazhozechannel', 'اهواز', 'Ahvazhozechannel', '1', 'https://telegram.me/joinchat/CTiskgVymiwV65pOuwIX2A'),
	(79, 62967505, 81, '9037068178', '9399756074', 'حوزه آبادان', '1012233970', 'Abadanhozechannel', 'آبادان', 'Abadanhozechannel', '1', 'https://telegram.me/joinchat/CTiskgPAztGRmrRyFmaT0Q'),
	(80, 91745412, 82, '9037068178', '9399756074', 'حوزه انديمشك', '1021543637', 'Andimeshkhozechannel', 'انديمشک', 'Andimeshkhozechannel', '1', 'https://telegram.me/joinchat/CTiskgV37ITCf0tG1Ekbqg'),
	(81, 21358393, 83, '9037068178', '9399756074', 'حوزه بهبهان', '1015915356', 'Behbahanhozechannel', 'بهبهان', 'Behbahanhozechannel', '1', 'https://telegram.me/joinchat/CTiskgFF5znzcn1pzRduIQ'),
	(82, 80423458, 84, '9037068179', '9399756074', 'حوزه خرمشهر', '1013439828', 'Khorramshahrhozechannel', 'خرمشهر', 'Khorramshahrhozechannel', '1', 'https://telegram.me/joinchat/CTiskgTLKiIj8BnRCtvQsA'),
	(83, 74772864, 85, '9037068179', '9399756074', 'حوزه دزفول', '1021445612', 'Dezfulhozechannel', 'دزفول', 'Dezfulhozechannel', '1', 'https://telegram.me/joinchat/CTiskgR08YCZV9F4td2HcQ'),
	(84, 74879760, 86, '9037068179', '9399756074', 'حوزه شادگان', '1001015345', 'Shadeganhozechannel', 'شادگان', 'Shadeganhozechannel', '1', 'https://telegram.me/joinchat/CTiskgR2kxBPvjYcBOFcdQ'),
	(85, 96063871, 87, '9037068190', '9399756074', 'حوزه شوش', '1017284593', 'Susahozechannel', 'شوش', 'Susahozechannel', '1', 'https://telegram.me/joinchat/CTiskgW50X9NE8nqdCFDuw'),
	(86, 48973845, 88, '9037068178', '9399756074', 'حوزه ايذه و باغملك', '1019585015', 'Izehhozechannel', 'ايذه و باغملک', 'Izehhozechannel', '1', 'https://telegram.me/joinchat/CTiskgLrSBWnkRQ5iAdfMg'),
	(87, 94543289, 89, '9037068178', '9399756074', 'حوزه بندرماهشهر و اميديه وهنديجان', '1016165464', 'BandareMahshahrhozechannel', 'بندرماهشهر و اميديه وهنديجان', 'BandareMahshahrhozechannel', '1', 'https://telegram.me/joinchat/CTiskgWinbmMe-h3sft1ug'),
	(88, 50370554, 90, '9037068179', '9399756074', 'حوزه دشت آزادگان و هويزه', '1022135966', 'Susangerdhozechannel', 'دشت آزادگان و هويزه', 'Susangerdhozechannel', '1', 'https://telegram.me/joinchat/CTiskgMAl_rzLvIVr6fI8A'),
	(89, 67933245, 91, '9037068179', '9399756074', 'حوزه رامهرمز و رامشير', '1020489632', 'Ramhormozhozechannel', 'رامهرمز و رامشير', 'Ramhormozhozechannel', '1', 'https://telegram.me/joinchat/CTiskgQMlD0PVCX2DEn9Lg'),
	(90, 62753868, 92, '9037068190', '9399756074', 'حوزه شوشتر وگتوند', '1021259434', 'Shushtarhozechannel', 'شوشتر وگتوند', 'Shushtarhozechannel', '1', 'https://telegram.me/joinchat/CTiskgO9jEwAVxFDO-kAZQ'),
	(91, 64150083, 93, '9037068190', '9399756074', 'حوزه مسجدسليمان و لالي وهفتگل و انديكا', '1024279632', 'MasjedSoleymanhozechannel', 'مسجدسليمان و لالي وهفتگل و انديکا', 'MasjedSoleymanhozechannel', '1', 'https://telegram.me/joinchat/CTiskgPS2kM_Lcf_hhIh_Q'),
	(92, 67232524, 95, '9037068190', '9399756074', 'حوزه زنجان و طارم', '1029003036', 'Zanjanhozechannel', 'زنجان و طارم', 'Zanjanhozechannel', '1', 'https://telegram.me/joinchat/CTiskgQB4wxWQ9Y5Cmnd_g'),
	(93, 63377683, 96, '9037068190', '9399756074', 'حوزه ابهر و خرمدره', '1015478825', 'Abharhozechannel', 'ابهر و خرمدره', 'Abharhozechannel', '1', 'https://telegram.me/joinchat/CTiskgPHERPz2xWsQdqaJQ'),
	(94, 64505975, 72, '9037068176', '9399756074', 'حوزه فريمان و سرخس وبخشهاي احمدآباد و رضويه', '1026671799', 'Farimanhozechannel', 'فريمان و سرخس وبخشهاي احمدآباد و رضويه', 'Farimanhozechannel', '1', 'https://telegram.me/joinchat/CTiskgPYSHe_ncPNao8QMQ'),
	(96, 89029566, 94, '9037068192', '9399756074', 'حوزه خدابنده', '1018371587', 'Qeydarhozechannel', 'خدابنده', 'Qeydarhozechannel', '1', 'https://telegram.me/joinchat/CTiskgVOe773Iw3lEnMI7A'),
	(97, 92265144, 97, '9037068192', '9399756074', 'حوزه ماهنشان وايجرود ودهستانهاي بوغداکندي وقلتوق', '1020929459', 'MahNeshanhozechannel', 'ماهنشان وايجرود ودهستانهاي بوغداکندي وقلتوق', 'MahNeshanhozechannel', '1', 'https://telegram.me/joinchat/CTiskgV_2rgxw_rIgMcdjw'),
	(98, 97011431, 101, '9037068192', '9399756074', 'حوزه سمنان و مهدي شهر', '1024361105', 'Semnanhozechannel', 'سمنان و مهدي شهر', 'Semnanhozechannel', '1', 'https://telegram.me/joinchat/CTiskgXIRue33zF8JMZVJQ'),
	(99, 67751678, 98, '9037068192', '9399756074', 'حوزه دامغان', '1017251007', 'Damghanhozechannel', 'دامغان', 'Damghanhozechannel', '1', 'https://telegram.me/joinchat/CTiskgQJzv4wjyI_Aesgvg'),
	(100, 16127351, 99, '9037068192', '9399756074', 'حوزه شاهرود', '1013185072', 'Shahrudhozechannel', 'شاهرود', 'Shahrudhozechannel', '1', 'https://telegram.me/joinchat/CTiskgD2FXe_SoHd_8p1Lw'),
	(101, 77871840, 100, '9037068193', '9399756074', 'حوزه گرمسار', '1022418905', 'Garmsarhozechannel', 'گرمسار', 'Garmsarhozechannel', '1', 'https://telegram.me/joinchat/CTiskgSkOuCEyknBcJHkrg'),
	(102, 24396199, 102, '9037068193', '9399756074', 'حوزه زاهدان', '1025587773', 'Zahedanhozechannel', 'زاهدان', 'Zahedanhozechannel', '1', 'https://telegram.me/joinchat/CTiskgF0QaeBiiOfp1cyKQ'),
	(103, 61876738, 103, '9037068193', '9399756074', 'حوزه ايرانشهرو سرباز و دلگان و بخشهاي فنوج ولاشارو بنت وآشار', '1017141168', 'Iranshahrhozechannel', 'ايرانشهرو سرباز و دلگان و بخشهاي فنوج ولاشارو بنت وآشار', 'Iranshahrhozechannel', '1', 'https://telegram.me/joinchat/CTiskgOwKgIEZNEynGYhXA'),
	(104, 99965026, 104, '9037068193', '9399756074', 'حوزه چاه بهارو نيک شهر و کنارک', '1013413122', 'Chabaharhozechannel', 'چاه بهارو نيک شهر و کنارک', 'Chabaharhozechannel', '1', 'https://telegram.me/joinchat/CTiskgX1WGJJonI-4sUoqQ'),
	(105, 99021283, 105, '9037068193', '9399756074', 'حوزه خاش و بخشهاي نصرت آباد و ميرجاوه و کورين', '1024308745', 'Khashhozechannel', 'خاش و بخشهاي نصرت آباد و ميرجاوه و کورين', 'Khashhozechannel', '1', 'https://telegram.me/joinchat/CTiskgXm8eMwPVaye10VZw'),
	(106, 98876235, 106, '9037068194', '9399756074', 'حوزه زابل و زهک و ميانکنگي', '1019132831', 'Zabolhozechannel', 'زابل و زهک و ميانکنگي', 'Zabolhozechannel', '1', 'https://telegram.me/joinchat/CTiskgXku0tj7PS1pTKavw'),
	(107, 92558735, 107, '9037068194', '9399756074', 'حوزه سراوان وسيب و سوران وزابلي', '1023829783', 'Saravanhozechannel', 'سراوان وسيب و سوران وزابلي', 'Saravanhozechannel', '1', 'https://telegram.me/joinchat/CTiskgWEVY_kS2Vmu3sbCg'),
	(108, 60571987, 108, '9037068194', '9399756074', 'حوزه شيراز', '1012618539', 'Shirazhozechannel', 'شيراز', 'Shirazhozechannel', '1', 'https://telegram.me/joinchat/CTiskgOcQVPvGU58rWgK-A'),
	(109, 44106289, 115, '9037068194', '9399756074', 'حوزه آباده و بوانات و خرم بيد', '1010271246', 'Abadehhozechannel', 'آباده و بوانات و خرم بيد', 'Abadehhozechannel', '1', 'https://telegram.me/joinchat/CTiskgKhAjHbBnneyEuybA'),
	(110, 91471500, 116, '9037068194', '9399756074', 'حوزه ني ريز و استهبان', '1016520774', 'Neyrizhozechannel', 'ني ريز و استهبان', 'Neyrizhozechannel', '1', 'https://telegram.me/joinchat/CTiskgVzvox_DXf3AOJEZA'),
	(111, 32588146, 109, '9037068195', '9399756074', 'حوزه اقليد', '1021833737', 'Eqlidhozechannel', 'اقليد', 'Eqlidhozechannel', '1', 'https://telegram.me/joinchat/CTiskgHxQXKnz5nCMWBSeQ'),
	(112, 86340702, 110, '9037068195', '9399756074', 'حوزه جهرم', '1026417521', 'Jahromhozechannel', 'جهرم', 'Jahromhozechannel', '1', 'https://telegram.me/joinchat/CTiskgUldF6yKOSDM8zJRg'),
	(113, 68726503, 117, '9037068195', '9399756074', 'حوزه داراب و زرين دشت', '1011051421', 'Darabhozechannel', 'داراب و زرين دشت', 'Darabhozechannel', '1', 'https://telegram.me/joinchat/CTiskgQYructN5ngkh1mIw'),
	(116, 99245980, 118, '9037068195', '9399756074', 'حوزه سروستان و بخشهاي کوار و کربال', '1014104290', 'Sarvestanhozechannel', 'سروستان و بخشهاي کوار و کربال', 'Sarvestanhozechannel', '1', 'https://telegram.me/joinchat/CTiskgXqX5xkrty6TvM91Q'),
	(117, 69798827, 112, '9037068196', '9399756074', 'حوزه فسا', '1017161930', 'Fasahozechannel', 'فسا', 'Fasahozechannel', '1', 'https://telegram.me/joinchat/CTiskgQpC6sUrgQZq978gg'),
	(118, 11988807, 119, '9037068196', '9399756074', 'حوزه فيروزآباد و فراشبند وقيرو کارزين', '1023593159', 'Firuzabadhozechannel', 'فيروزآباد و فراشبند وقيرو کارزين', 'Firuzabadhozechannel', '1', 'https://telegram.me/joinchat/CTiskgC270eobt8_CAO1VQ'),
	(119, 60372839, 113, '9037068196', '9399756074', 'حوزه کازرون', '1014823481', 'Kazerunhozechannel', 'کازرون', 'Kazerunhozechannel', '1', 'https://telegram.me/joinchat/CTiskgOZN2e01GWhEHtHdg'),
	(120, 96973548, 120, '9037068196', '9399756074', 'حوزه لارستان و خنج', '1027929042', 'Larhozechannel', 'لارستان و خنج', 'Larhozechannel', '1', 'https://telegram.me/joinchat/CTiskgXHsuzeXNw2YxEjTQ'),
	(121, 99993840, 121, '9037068196', '9399756074', 'حوزه لامرد ومهر', '1011287864', 'Lamerdhozechannel', 'لامرد ومهر', 'Lamerdhozechannel', '1', 'https://telegram.me/joinchat/CTiskgX1yPCK7ThDqg4Omw'),
	(122, 82608349, 122, '9037068197', '9399756074', 'حوزه مرودشت وپاسارگاد و ارسنجان', '1014366716', 'Marvdashthozechannel', 'مرودشت وپاسارگاد و ارسنجان', 'Marvdashthozechannel', '1', 'https://telegram.me/joinchat/CTiskgTsgN0hAexT36CqaA'),
	(123, 79868549, 125, '9037068197', '9399756074', 'حوزه قزوين و آبيک و البرز', '1027415048', 'Qazvinhozechannel', 'قزوين و آبيک و البرز', 'Qazvinhozechannel', '1', 'https://telegram.me/joinchat/CTiskgTCsoXk5SDKoXuYQQ'),
	(124, 92465979, 123, '9037068197', '9399756074', 'حوزه بوئين زهرا', '1022634641', 'BuinZahrahozechannel', 'بوئين زهرا', 'BuinZahrahozechannel', '1', 'https://telegram.me/joinchat/CTiskgWC6ztdF1CUmsildA'),
	(125, 61245630, 124, '9037068197', '9399756074', 'حوزه تاکستان', '1023038045', 'Takestanhozechannel', 'تاکستان', 'Takestanhozechannel', '1', 'https://telegram.me/joinchat/CTiskgOmiL6hhjDmcLBrcg'),
	(126, 42969756, 126, '9037068198', '9399756074', 'حوزه قم', '1014324083', 'Qomhozechannel', 'قم', 'Qomhozechannel', '1', 'https://telegram.me/joinchat/CTiskgKPqpxLYx7YPK5A0w'),
	(127, 63968630, 128, '9037068198', '9399756074', 'حوزه سنندج و ديواندره و کامياران', '1010281293', 'Sanandijhozechannel', 'سنندج و ديواندره و کامياران', 'Sanandijhozechannel', '1', 'https://telegram.me/joinchat/CTiskgPQFXaEnTeRYDfi9g'),
	(128, 43996872, 127, '9037068198', '9399756074', 'حوزه بيجار', '1020722745', 'Bijarhozechannel', 'بيجار', 'Bijarhozechannel', '1', 'https://telegram.me/joinchat/CTiskgKfVsiEr063GegJ3A'),
	(129, 69498386, 129, '9037068198', '9399756074', 'حوزه سقز و بانه', '1019863962', 'Saqqezhozechannel', 'سقز و بانه', 'Saqqezhozechannel', '1', 'https://telegram.me/joinchat/CTiskgQkdhKr1cIezqpCSA'),
	(130, 63250718, 130, '9037068198', '9399756074', 'حوزه قروه ودهگلان', '1020321327', 'Qorvehhozechannel', 'قروه ودهگلان', 'Qorvehhozechannel', '1', 'https://telegram.me/joinchat/CTiskgPFIR5EhH3ZVu-TpA'),
	(131, 22074211, 131, '9037068199', '9399756074', 'حوزه مريوان و سروآباد', '1014844378', 'Marivanhozechannel', 'مريوان و سروآباد', 'Marivanhozechannel', '1', 'https://telegram.me/joinchat/CTiskgFQ02OpzTBErbfqOg'),
	(132, 65154806, 135, '9037068199', '9399756074', 'حوزه کرمان و راور', '1029808583', 'Kermanhozechannel', 'کرمان و راور', 'Kermanhozechannel', '1', 'https://telegram.me/joinchat/CTiskgPiLva6MOaUyzoM2A'),
	(137, 81794320, 137, '9037068199', '9399756074', 'حوزه جيرفت و عنبر آباد', '1010283017', 'Jirofthozechannel', 'جيرفت و عنبر آباد', 'Jirofthozechannel', '1', 'https://telegram.me/joinchat/CTiskgTgFRC26tE9KARr8A'),
	(138, 96457286, 133, '9037068201', '9399756074', 'حوزه رفسنجان', '1014265128', 'Rafsanjanhozechannel', 'رفسنجان', 'Rafsanjanhozechannel', '1', 'https://telegram.me/joinchat/CTiskgW_0kZ5bdPdxSvjEg'),
	(139, 66301642, 138, '9037068201', '9399756074', 'حوزه زرند وکوهبنان', '1013681016', 'Zarandhozechannel', 'زرند وکوهبنان', 'Zarandhozechannel', '1', 'https://telegram.me/joinchat/CTiskgPzrsoMeQ1IsZtO5A'),
	(140, 94813203, 139, '9037068201', '9399756074', 'حوزه سيرجان و بردسير', '1019254453', 'Sirjanhozechannel', 'سيرجان و بردسير', 'Sirjanhozechannel', '1', 'https://telegram.me/joinchat/CTiskgWmvBOy34QBgx_alw'),
	(141, 69020121, 140, '9037068201', '9399756074', 'حوزه رودبار جنوب وقلعه گنج', '1013883775', 'Kahnujhozechannel', 'رودبار جنوب وقلعه گنج', 'Kahnujhozechannel', '1', 'https://telegram.me/joinchat/CTiskgQdKdm3Qr6s8Ugsqg'),
	(142, 96901616, 141, '9037068203', '9399756074', 'حوزه کرمانشاه', '1013789084', 'Kermanshahhozechannel', 'کرمانشاه', 'Kermanshahhozechannel', '1', 'https://telegram.me/joinchat/CTiskgXGmfCG9F1YFQQYPw'),
	(143, 82442127, 143, '9037068203', '9399756074', 'حوزه اسلام آبادغرب و دالاهو', '1029050568', 'EslamabadeGharbhozechannel', 'اسلام آبادغرب و دالاهو', 'EslamabadeGharbhozechannel', '1', 'https://telegram.me/joinchat/CTiskgTp94_E_NfoA0VptQ'),
	(144, 88106360, 144, '9037068203', '9399756074', 'حوزه پاوه و جوانرود و ثلاث باباجاني وروانسر', '1019707213', 'Pawehhozechannel', 'پاوه و جوانرود و ثلاث باباجاني وروانسر', 'Pawehhozechannel', '1', 'https://telegram.me/joinchat/CTiskgVAZXg_xJaNW9YPpA'),
	(145, 74730567, 142, '9037068203', '9399756074', 'حوزه سنقر', '1017095027', 'Sonqorhozechannel', 'سنقر', 'Sonqorhozechannel', '1', 'https://telegram.me/joinchat/CTiskgR0TEeHP-LUASri1A'),
	(146, 47827156, 145, '9037068203', '9399756074', 'حوزه قصرشيرين و سرپل ذهاب وگيلانغرب', '1010445126', 'QasreShirinhozechannel', 'قصرشيرين و سرپل ذهاب وگيلانغرب', 'QasreShirinhozechannel', '1', 'https://telegram.me/joinchat/CTiskgLZyNSOmnpP3zL4aw'),
	(147, 62505178, 154, '9037068207', '9399756074', 'حوزه راميان و آزادشهر', '1022646731', 'Ramianhozechannel', 'راميان و آزادشهر', 'Ramianhozechannel', '1', 'https://telegram.me/joinchat/CTiskgO5wNqZPFSNoygHNg'),
	(148, 60467817, 151, '9037068207', '9399756074', 'حوزه علي آباد', '1018359587', 'AliabadeKatulhozechannel', 'علي آباد', 'AliabadeKatulhozechannel', '1', 'https://telegram.me/joinchat/CTiskgOaqmn13sLxfmayRQ'),
	(149, 78823786, 155, '9037068207', '9399756074', 'حوزه کردکوي و ترکمن و بندرگز', '1026086436', 'Kordkuyhozechannel', 'کردکوي و ترکمن و بندرگز', 'Kordkuyhozechannel', '1', 'https://telegram.me/joinchat/CTiskgSywWr96IEylvuotg'),
	(150, 60937066, 152, '9037068207', '9399756074', 'حوزه گنبدکاووس', '1025284859', 'GonbadeKavushozechannel', 'گنبدکاووس', 'GonbadeKavushozechannel', '1', 'https://telegram.me/joinchat/CTiskgOh02qx5nw2-wC_lA'),
	(151, 60078779, 156, '9037068207', '9399756074', 'حوزه مينودشت و کلاله ومراوه تپه', '1028772038', 'Minudashthozechannel', 'مينودشت و کلاله ومراوه تپه', 'Minudashthozechannel', '1', 'https://telegram.me/joinchat/CTiskgOUuruHTuTdUEILXA'),
	(152, 71189552, 157, '9037068208', '9399756074', 'حوزه رشت', '1012732762', 'Rashthozechannel', 'رشت', 'Rashthozechannel', '1', 'https://telegram.me/joinchat/CTiskgQ-RDC_0e6FM1Ck1g'),
	(153, 40882607, 158, '9037068208', '9399756074', 'حوزه آستارا', '1026557979', 'Astarahozechannel', 'آستارا', 'Astarahozechannel', '1', 'https://telegram.me/joinchat/CTiskgJv0a9WvprZG_7IBQ'),
	(154, 93108109, 159, '9037068208', '9399756074', 'حوزه آستانه اشرفيه', '1009968561', 'AstanehyeAshrafiyehhozechannel', 'آستانه اشرفيه', 'AstanehyeAshrafiyehhozechannel', '1', 'https://telegram.me/joinchat/CTiskgWMt40iOcc1KqgwJg'),
	(155, 72567526, 160, '9037068208', '9399756074', 'حوزه بندرانزلي', '1018471783', 'BandareAnzalihozechannel', 'بندرانزلي', 'BandareAnzalihozechannel', '1', 'https://telegram.me/joinchat/CTiskgRTSuYv8N9AeNVeWA'),
	(156, 47879452, 161, '9037068208', '9399756074', 'حوزه رودبار', '1018053976', 'Rudbarhozechannel', 'رودبار', 'Rudbarhozechannel', '1', 'https://telegram.me/joinchat/CTiskgLalRwbZ4zDCf4kxw'),
	(157, 99988552, 164, '9037068209', '9399756074', 'حوزه رودسر و املش', '1024116855', 'Rudsarhozechannel', 'رودسر و املش', 'Rudsarhozechannel', '1', 'https://telegram.me/joinchat/CTiskgX1tEhiPkPU-mBYZA'),
	(158, 82464890, 162, '9037068209', '9399756074', 'حوزه صومعه سرا', '1014353259', 'Sowmeeh Sarahozechannel', 'صومعه سرا', 'Sowmeeh Sarahozechannel', '1', 'https://telegram.me/joinchat/CTiskgTqUHo7r92ZMEJ5xw'),
	(159, 56431005, 165, '9037068209', '9399756074', 'حوزه طوالش و رضوانشهرو ماسال', '1025106148', 'Hashtparhozechannel', 'طوالش و رضوانشهرو ماسال', 'Hashtparhozechannel', '1', 'https://telegram.me/joinchat/CTiskgNdEZ3EhG7xZ8q_aQ'),
	(160, 86085255, 166, '9037068209', '9399756074', 'حوزه فومن و شفت', '1025394627', 'Fumanhozechannel', 'فومن و شفت', 'Fumanhozechannel', '1', 'https://telegram.me/joinchat/CTiskgUhjod0Efa7OPqPig'),
	(161, 82350726, 167, '9037068209', '9399756074', 'حوزه لاهيجان و سياهکل', '1019590709', 'Lahijanhozechannel', 'لاهيجان و سياهکل', 'Lahijanhozechannel', '1', 'https://telegram.me/joinchat/CTiskgTokoZ8QY8P-yyCXA'),
	(162, 86810886, 163, '9037068210', '9399756074', 'حوزه لنگرود', '1023507112', 'Langarudhozechannel', 'لنگرود', 'Langarudhozechannel', '1', 'https://telegram.me/joinchat/CTiskgUsoQYnIu2CyN2FVw'),
	(163, 94794406, 168, '9037068210', '9399756074', 'حوزه اليگودرز', '1020157329', 'Aligudarzhozechannel', 'اليگودرز', 'Aligudarzhozechannel', '1', 'https://telegram.me/joinchat/CTiskgWmcqYcy5iVtLRo4Q'),
	(164, 87231396, 169, '9037068210', '9399756074', 'حوزه بروجرد', '1024491203', 'Borujerdhozechannel', 'بروجرد', 'Borujerdhozechannel', '1', 'https://telegram.me/joinchat/CTiskgUzC6SRGn-c9HfRxA'),
	(165, 60925699, 170, '9037068210', '9399756074', 'حوزه پلدختر', '1010546535', 'PoleDokhtarhozechannel', 'پلدختر', 'PoleDokhtarhozechannel', '1', 'https://telegram.me/joinchat/CTiskgOhpwNaqXEx5ZxiIw'),
	(166, 79620347, 173, '9037068211', '9399756074', 'حوزه دلفان و سلسله', '1026616423', 'Nurabadhozechannel', 'دلفان و سلسله', 'Nurabadhozechannel', '1', 'https://telegram.me/joinchat/CTiskgS-6PueotdVXgmgEQ'),
	(167, 87155056, 174, '9037068211', '9399756074', 'حوزه دورود و ازنا', '1019857057', 'Dorudhozechannel', 'دورود و ازنا', 'Dorudhozechannel', '1', 'https://telegram.me/joinchat/CTiskgUx4XBmHNyMf-DUPA'),
	(168, 26706976, 171, '9037068211', '9399756074', 'حوزه کوهدشت', '1026663421', 'Kuhdashthozechannel', 'کوهدشت', 'Kuhdashthozechannel', '1', 'https://telegram.me/joinchat/CTiskgGXhCDDqwFnTJ0biw'),
	(169, 99636044, 175, '9037068211', '9399756074', 'حوزه ساري', '1026545453', 'Sarihozechannel', 'ساري', 'Sarihozechannel', '1', 'https://telegram.me/joinchat/CTiskgXwU0z6q0ykM6M3FQ'),
	(170, 94854093, 176, '9037068211', '9399756074', 'حوزه آمل', '1019183299', 'Amolhozechannel', 'آمل', 'Amolhozechannel', '1', 'https://telegram.me/joinchat/CTiskgWnW83jjHmIH25oRQ'),
	(171, 96575521, 177, '9038580633', '9399756074', 'حوزه بابل', '1027310450', 'Babolhozechannel', 'بابل', 'Babolhozechannel', '1', 'https://telegram.me/joinchat/CTiskgXBoCG-H_iuBvgezQ'),
	(172, 99228822, 178, '9038580633', '9399756074', 'حوزه بابلسر و فريدونکنار', '1019634695', 'Babolsarhozechannel', 'بابلسر و فريدونکنار', 'Babolsarhozechannel', '1', 'https://telegram.me/joinchat/CTiskgXqHJZ7Cb28Iu8DJA'),
	(173, 89154702, 179, '9038580633', '9399756074', 'حوزه بهشهر و نکا و گلوگاه', '1000677796', 'Behshahrhozechannel', 'بهشهر و نکا و گلوگاه', 'Behshahrhozechannel', '1', 'https://telegram.me/joinchat/CTiskgVQZI6eJ8E44UBOfQ'),
	(174, 72705185, 180, '9038580633', '9399756074', 'حوزه تنکابن و رامسر', '1021525103', 'Tonekabonhozechannel', 'تنکابن و رامسر', 'Tonekabonhozechannel', '1', 'https://telegram.me/joinchat/CTiskgRVZKFYw3oACWagNw'),
	(175, 81227669, 181, '9038580633', '9399756074', 'حوزه قائم شهر و سوادکوه وجويبار', '1016133035', 'QaemShahrhozechannel', 'قائم شهر و سوادکوه وجويبار', 'QaemShahrhozechannel', '1', 'https://telegram.me/joinchat/CTiskgTXb5WcSJ693ilrrA'),
	(176, 83253136, 182, '9038580636', '9399756074', 'حوزه نور و محمودآباد', '1018047681', 'Nurhozechannel', 'نور و محمودآباد', 'Nurhozechannel', '1', 'https://telegram.me/joinchat/CTiskgT2V5D39Bh6mjaxAw'),
	(177, 47325666, 183, '9038580636', '9399756074', 'حوزه نوشهر و چالوس', '1019173755', 'Nowshahrhozechannel', 'نوشهر و چالوس', 'Nowshahrhozechannel', '1', 'https://telegram.me/joinchat/CTiskgLSIeKKtlzx65R_Pg'),
	(178, 77970032, 186, '9038580636', '9399756074', 'حوزه اراک و کميجان وخنداب', '1014840199', 'Arakhozechannel', 'اراک و کميجان وخنداب', 'Arakhozechannel', '1', 'https://telegram.me/joinchat/CTiskgSlunBXNJ7ll931OA'),
	(179, 89476257, 187, '9038580636', '9399756074', 'حوزه تفرش و آشتيان', '1025152584', 'Tafreshhozechannel', 'تفرش و آشتيان', 'Tafreshhozechannel', '1', 'https://telegram.me/joinchat/CTiskgVVTKFpm7zsD-QIQQ'),
	(180, 54629931, 184, '9038580636', '9399756074', 'حوزه خمين', '1017188127', 'Khomeynhozechannel', 'خمين', 'Khomeynhozechannel', '1', 'https://telegram.me/joinchat/CTiskgNBliv8gOhLcGsDgg'),
	(181, 91176265, 188, '9038580637', '9399756074', 'حوزه ساوه و زرنديه', '1027968047', 'Savehhozechannel', 'ساوه و زرنديه', 'Savehhozechannel', '1', 'https://telegram.me/joinchat/CTiskgVvPUmvgAiKqjxgAA'),
	(182, 70207573, 185, '9038580637', '9399756074', 'حوزه شازند', '1017027944', 'Shazandhozechannel', 'شازند', 'Shazandhozechannel', '1', 'https://telegram.me/joinchat/CTiskgQvSFU3AGvhXx_swQ'),
	(183, 42366217, 189, '9038580637', '9399756074', 'حوزه محلات و دليجان', '1022869532', 'Mahallathozechannel', 'محلات و دليجان', 'Mahallathozechannel', '1', 'https://telegram.me/joinchat/CTiskgKGdQmeMVoAPy9IWQ'),
	(184, 60752123, 190, '9038580637', '9399756074', 'حوزه بندرعباس و قشم وابوموسي و حاجي آباد و خمير', '1018113096', 'BandarAbbashozechannel', 'بندرعباس و قشم وابوموسي و حاجي آباد و خمير', 'BandarAbbashozechannel', '1', 'https://telegram.me/joinchat/CTiskgOfAPtMIVPBkWjA9w'),
	(185, 93114296, 191, '9038580637', '9399756074', 'حوزه بندرلنگه و بستک وپارسيان', '1013121997', 'BandarLengehhozechannel', 'بندرلنگه و بستک وپارسيان', 'BandarLengehhozechannel', '1', 'https://telegram.me/joinchat/CTiskgWMz7g5PSMjYDLJhw'),
	(186, 78174205, 192, '9038580638', '9399756074', 'حوزه ميناب و رودان و جاسک و سيريک', '1011303550', 'Minabhozechannel', 'ميناب و رودان و جاسک و سيريک', 'Minabhozechannel', '1', 'https://telegram.me/joinchat/CTiskgSo1_1wPkGADck7cQ'),
	(187, 69131058, 193, '9038580638', '9399756074', 'حوزه همدان', '1025712624', 'Hamadanhozechannel', 'همدان', 'Hamadanhozechannel', '1', 'https://telegram.me/joinchat/CTiskgQe2zLFCP4f1sVdDA'),
	(188, 59232271, 194, '9038580638', '9399756074', 'حوزه اسدآباد', '1028939809', 'Asadabadhozechannel', 'اسدآباد', 'Asadabadhozechannel', '1', 'https://telegram.me/joinchat/CTiskgOH0A8Bk8mvdiapmA'),
	(189, 72157560, 199, '9038580638', '9399756074', 'حوزه بهار و کبوددراهنگ', '1025154028', 'Baharhozechannel', 'بهار و کبوددراهنگ', 'Baharhozechannel', '1', 'https://telegram.me/joinchat/CTiskgRNCXhDNnMW2jTXyA'),
	(190, 65042724, 195, '9038580638', '9399756074', 'حوزه تويسرکان', '1022501978', 'Tuyserkanhozechannel', 'تويسرکان', 'Tuyserkanhozechannel', '1', 'https://telegram.me/joinchat/CTiskgPgeSQkMW6lVmo_ug'),
	(191, 69487651, 196, '9038580639', '9399756074', 'حوزه رزن', '1027833475', 'Razanhozechannel', 'رزن', 'Razanhozechannel', '1', 'https://telegram.me/joinchat/CTiskgQkTCNhogHrxqJ_lg'),
	(192, 74019898, 197, '9038580639', '9399756074', 'حوزه ملاير', '1015770483', 'Malayerhozechannel', 'ملاير', 'Malayerhozechannel', '1', 'https://telegram.me/joinchat/CTiskgRpdDrDdLzUHWjSeA'),
	(193, 92197260, 198, '9038580639', '9399756074', 'حوزه نهاوند', '1010373722', 'Nahavandhozechannel', 'نهاوند', 'Nahavandhozechannel', '1', 'https://telegram.me/joinchat/CTiskgV-0YxdQny-dUOEbg'),
	(194, 84070455, 201, '9038580639', '9399756074', 'حوزه يزد و صدوق', '1016762304', 'Yazdhozechannel', 'يزد و صدوق', 'Yazdhozechannel', '1', 'https://telegram.me/joinchat/CTiskgUC0DdyMpck5xV5pA'),
	(197, 68344136, 202, '9038580640', '9399756074', 'حوزه مهريز وبافق و ابرکوه وخاتم', '1018688883', 'Mehrizhozechannel', 'مهريز وبافق و ابرکوه وخاتم', 'Mehrizhozechannel', '1', 'https://telegram.me/joinchat/CTiskgQS2Ugz-pfXM_Q_4Q'),
	(198, 71557869, 203, '9038580640', '9399756074', 'حوزه تفت و ميبد', '1025204792', 'Tafthozechannel', 'تفت و ميبد', 'Tafthozechannel', '1', 'https://telegram.me/joinchat/CTiskgRD4u2SN3z1B40DBw'),
	(199, 94430583, 207, '9399756074', '9399756074', 'حوزه مسيحيان آشوري وکلداني', '1012471936', 'Ass&ChaChristianhozechannel', 'مسيحيان آشوري وکلداني', 'Ass&ChaChristianhozechannel', '1', 'https://telegram.me/joinchat/CTiskgWg5Xcu8vAdr4l1FA'),
	(200, 74507047, 6, '9037068159', '9399756074', 'حوزه اصفهان', '1025353427', 'Isfahanhozechannel', 'اصفهان', 'Isfahanhozechannel', '1', 'https://telegram.me/joinchat/CTiskgT6C5Z5zHionnfVNw'),
	(201, 72430529, 206, '9038580640', '9399756074', 'حوزه کليميان', '1024926245', 'Jewshozechannel', 'کليميان', 'Jewshozechannel', '1', 'https://telegram.me/joinchat/CTiskgRRM8ERZ8ZFJFaHcg'),
	(202, 79577375, 172, '9037068210', '9399756074', 'حوزه خرم آباد ودوره', '1029483751', 'Khorramabadhozechannel', 'خرم آباد', 'Khorramabadhozechannel', '1', 'https://telegram.me/joinchat/CTiskgS-QR91dhKmEc2qMg'),
	(203, 35612641, 114, '9037068197', '9399756074', 'حوزه ممسني', '1019590664', 'Mamasanihozechannel', 'ممسنی', 'Mamasanihozechannel', '1', 'https://telegram.me/joinchat/CTiskgIfZ-Hdt1Y88AjTmQ'),
	(204, 63035646, 208, '9399756074', '9399756074', 'حوزه مسيحيان ارمني شمال ايران', '1011983138', 'NorthChristianhozechannel', 'مسيحيان ارمني شمال ايران', 'NorthChristianhozechannel', '1', 'https://telegram.me/joinchat/CTiskgPB2P4YsAqfracbjA'),
	(205, 75989038, 134, '9037068201', '9399756074', 'حوزه شهر بابک', '1027697783', 'ShahreBabakhozechannel', 'شهربابک', 'ShahreBabakhozechannel', '1', 'https://telegram.me/joinchat/CTiskgSHgC74UOU07ET4yQ'),
	(206, 83495830, 14, '9037068160', '9399756074', 'حوزه شهرضا و سميرم سفلي', '1020234885', 'Shahrezahozechannel', 'شهررضا', 'Shahrezahozechannel', '1', 'https://telegram.me/joinchat/CTiskgRw4ycPxWpS6AUytw'),
	(207, 65466088, 204, '9038580640', '9399756074', 'حوزه مسيحيان ارمني جنوب ايران', '1008705499', 'SouthChristianhozechannel', 'مسيحيان ارمني جنوب ايران', 'SouthChristianhozechannel', '1', 'https://telegram.me/joinchat/CTiskgPm7uid-n53s8f-uw'),
	(208, 83904831, 205, '9038580640', '9399756074', 'حوزه زرتشتيان', '1029665712', 'zoroastianhozechannel', 'زرتشتيان', 'zoroastianhozechannel', '1', 'https://telegram.me/joinchat/CTiskgUAST_BjJDiPUhKeA'),
	(209, 86570336, 132, '9037068199', '9399756074', 'حوزه بافت', '1015548065', 'bafthozechannel', 'بافت', 'bafthozechannel', '1', 'https://telegram.me/joinchat/CTiskgUo9WDKp5WK_22jRA'),
	(210, 66381248, 111, '9037068195', '9399756074', 'حوزه سپيدان', '102714920', 'Sepidanhozechannel', 'سپیدان', 'Sepidanhozechannel', '1', 'https://telegram.me/joinchat/CTiskgP05cDT9UFDhYQL9Q'),
	(211, 85127643, 136, '9037068199', '9399756074', 'حوزه بم و ريگان', '1025125565', 'Bamhozechannel', 'بم', 'Bamhozechannel', '1', 'https://telegram.me/joinchat/CTiskgUS8dumTTrBN3x_JA'),
	(212, 66850313, 149, '9037068204', '9399756074', 'حوزه بويراحمد و دنا', '1014516861', 'Yasujhozechannel', 'یاسوج', 'Yasujhozechannel', '1', 'https://telegram.me/joinchat/CTiskgP8DgnRIkiCu_-9Pg'),
	(213, 98614903, 146, '9037068204', '9399756074', 'حوزه کنگاور و صحنه و هرسين', '1014179247', 'Kangavarhozechannel', 'کنگاور', 'Kangavarhozechannel', '1', 'https://telegram.me/joinchat/CTiskgXgvndbKyKDhEMezw'),
	(214, 64223015, 150, '9037068204', '9399756074', 'حوزه کهگيلويه و بهمئي', '1023334364', 'Dehdashhozechannel', 'دهدشت', 'Dehdashhozechannel', '1', 'https://telegram.me/joinchat/CTiskgPT9ydnU89RrYqy3A'),
	(215, 91118384, 148, '9037068204', '9399756074', 'حوزه گچساران', '1009840012', 'Dogonbadanhozechannel', 'دوگنبدان', 'Dogonbadanhozechannel', '1', 'https://telegram.me/joinchat/CTiskgVuWzA7h9B34SblvQ'),
	(216, 67527987, 153, '9037068204', '9399756074', 'حوزه گرگان و آق قلا', '1016502377', 'Gorganhozechannel', 'گرگان', 'Gorganhozechannel', '1', 'https://telegram.me/joinchat/CTiskgQGZTM_5Vspq4Rxlw'),
	(217, 71062380, 200, '9038085639', '9399756074', 'حوزه اردکان', '1018960266', 'Ardakanhozechannel', 'اردکان', 'Ardakanhozechannel', '1', 'https://telegram.me/joinchat/CTiskgQ8U2y0BWu9obephA');
/*!40000 ALTER TABLE `group_chanel` ENABLE KEYS */;


-- Dumping structure for table telegramdb.latary
DROP TABLE IF EXISTS `latary`;
CREATE TABLE IF NOT EXISTS `latary` (
  `id` int(10) NOT NULL AUTO_INCREMENT,
  `telegramID` int(10) NOT NULL,
  `userName` varchar(50) DEFAULT NULL,
  `answer` varchar(50) DEFAULT NULL,
  PRIMARY KEY (`id`)
) ENGINE=InnoDB DEFAULT CHARSET=utf32 COMMENT='قرعه کشی';

-- Dumping data for table telegramdb.latary: ~0 rows (approximately)
/*!40000 ALTER TABLE `latary` DISABLE KEYS */;
/*!40000 ALTER TABLE `latary` ENABLE KEYS */;


-- Dumping structure for table telegramdb.order
DROP TABLE IF EXISTS `order`;
CREATE TABLE IF NOT EXISTS `order` (
  `id` int(11) NOT NULL AUTO_INCREMENT,
  `name` varchar(50) CHARACTER SET utf32 NOT NULL,
  `lastName` varchar(50) CHARACTER SET utf32 NOT NULL,
  `email` varchar(100) CHARACTER SET utf32 NOT NULL,
  `phone` varchar(50) CHARACTER SET utf32 DEFAULT NULL,
  PRIMARY KEY (`id`)
) ENGINE=InnoDB AUTO_INCREMENT=7 DEFAULT CHARSET=utf32 COLLATE=utf32_persian_ci COMMENT='ثبت سفارش';

-- Dumping data for table telegramdb.order: ~0 rows (approximately)
/*!40000 ALTER TABLE `order` DISABLE KEYS */;
REPLACE INTO `order` (`id`, `name`, `lastName`, `email`, `phone`) VALUES
	(5, 'fgfg', 'fgfg', 'vahidrahmany@gmail.com', '09109021477'),
	(6, 'وحید', 'رحمانی', 'vahidrahmany@gmail.com', '4545');
/*!40000 ALTER TABLE `order` ENABLE KEYS */;


-- Dumping structure for table telegramdb.people
DROP TABLE IF EXISTS `people`;
CREATE TABLE IF NOT EXISTS `people` (
  `telegramID` int(11) NOT NULL,
  `id` int(11) NOT NULL AUTO_INCREMENT,
  `stateID` int(11) DEFAULT NULL,
  `cityId` int(11) DEFAULT NULL,
  `firstName` varchar(50) DEFAULT NULL,
  `lastName` varchar(50) DEFAULT NULL,
  `phone` varchar(50) DEFAULT NULL,
  `chanalLink` varchar(50) DEFAULT NULL,
  `userName` varchar(50) DEFAULT NULL,
  PRIMARY KEY (`id`),
  UNIQUE KEY `telegramID` (`telegramID`)
) ENGINE=InnoDB AUTO_INCREMENT=20 DEFAULT CHARSET=utf32 COMMENT='افراد';

-- Dumping data for table telegramdb.people: ~1 rows (approximately)
/*!40000 ALTER TABLE `people` DISABLE KEYS */;
REPLACE INTO `people` (`telegramID`, `id`, `stateID`, `cityId`, `firstName`, `lastName`, `phone`, `chanalLink`, `userName`) VALUES
	(125756687, 19, NULL, 199, 'kondorteam', 'null', '989037068155', NULL, 'kondor_team');
/*!40000 ALTER TABLE `people` ENABLE KEYS */;


-- Dumping structure for table telegramdb.region
DROP TABLE IF EXISTS `region`;
CREATE TABLE IF NOT EXISTS `region` (
  `id` int(11) NOT NULL,
  `stateID` int(11) NOT NULL,
  `center_name` varchar(100) DEFAULT NULL,
  `name` varchar(100) DEFAULT NULL,
  `korsiNumber` int(10) DEFAULT '1',
  `version` int(10) DEFAULT '1',
  PRIMARY KEY (`id`),
  KEY `FK_region_state` (`stateID`)
) ENGINE=InnoDB DEFAULT CHARSET=utf32 COMMENT='حوزه انتخابی';

-- Dumping data for table telegramdb.region: ~207 rows (approximately)
/*!40000 ALTER TABLE `region` DISABLE KEYS */;
REPLACE INTO `region` (`id`, `stateID`, `center_name`, `name`, `korsiNumber`, `version`) VALUES
	(1, 1, 'گرمي', 'گرمي', 1, 1),
	(2, 1, 'مشگين شهر', 'مشگين شهر', 1, 1),
	(3, 1, 'اردبيل', 'اردبيل ونمين ونير', 1, 1),
	(4, 1, 'پارس آباد', 'پارس آبادوبيله سوار', 1, 1),
	(5, 1, 'خلخال', 'خلخال وکوثر', 1, 1),
	(6, 2, 'اصفهان', 'اصفهان', 1, 1),
	(7, 2, 'اردستان', 'اردستان', 1, 1),
	(8, 2, 'خميني شهر', 'خميني شهر', 1, 1),
	(9, 2, 'سميرم', 'سميرم', 1, 1),
	(10, 2, 'فلاورجان', 'فلاورجان', 1, 1),
	(11, 2, 'زرين شهر', 'لنجان', 1, 1),
	(12, 2, 'مبارکه', 'مبارکه', 1, 1),
	(13, 2, 'شاهين شهر', 'شاهين شهروميمه و برخوار', 1, 1),
	(14, 2, 'شهرضا', 'شهرضا و سميرم سفلي', 1, 1),
	(15, 2, 'داران', 'فريدن وچادگان وفريدونشهر', 1, 1),
	(16, 2, 'کاشان', 'کاشان وآران بيدگل', 1, 1),
	(17, 2, 'گلپايگان', 'گلپايگان وخوانسار', 1, 1),
	(18, 2, 'نائين', 'نائين', 1, 1),
	(19, 2, 'نجف آباد', 'نجف آبادوتيران وکرون', 1, 1),
	(20, 2, 'نطنز', 'نطنزو بخش قمصر', 1, 1),
	(21, 3, 'کرج', 'کرج', 1, 1),
	(22, 3, 'هشتگرد', 'ساوجبلاغ وطالقان ونظرآباد', 1, 1),
	(23, 4, 'ايلام', 'ايلام وايوان و شيروان وچرداول و مهران', 1, 1),
	(24, 4, 'دهلران', 'دهلران ودره شهروآبدانان', 1, 1),
	(25, 5, 'بستان آباد', 'بستان آباد', 1, 1),
	(26, 5, 'بناب', 'بناب', 1, 1),
	(27, 5, 'سراب', 'سراب', 1, 1),
	(28, 5, 'شبستر', 'شبستر', 1, 1),
	(29, 5, 'ملکان', 'ملکان', 1, 1),
	(30, 5, 'تبريز', 'تبريزوآذرشهر واسکو', 1, 1),
	(31, 5, 'ورزقان', 'ورزقان', 1, 1),
	(32, 5, 'اهر', 'اهر وهريس', 1, 1),
	(33, 5, 'کليبر', 'کليبروبخش هوراند', 1, 1),
	(34, 5, 'مراغه', 'مراغه وعجب شير', 1, 1),
	(35, 5, 'مرند', 'مرندوجلفا', 1, 1),
	(36, 5, 'ميانه', 'ميانه', 1, 1),
	(37, 5, 'هشترود', 'هشترودوچاراويماق', 1, 1),
	(38, 6, 'پيرانشهر', 'پيرانشهروسردشت', 1, 1),
	(39, 6, 'ماکو', 'ماکو وچالدران و پلدشت وشوط', 1, 1),
	(40, 6, 'مياندواب', 'مياندواب وشاهين دژوتکاب', 1, 1),
	(41, 6, 'اروميه', 'اروميه', 1, 1),
	(42, 6, 'بوکان', 'بوکان', 1, 1),
	(43, 6, 'خوي', 'خوي وچايپاره', 1, 1),
	(44, 6, 'سلماس', 'سلماس', 1, 1),
	(45, 6, 'مهاباد', 'مهاباد', 1, 1),
	(46, 6, 'نقده', 'نقده واشنويه', 1, 1),
	(47, 7, 'برازجان', 'دشتستان', 1, 1),
	(48, 7, 'بوشهر', 'بوشهر وگناوه وديلم', 1, 1),
	(49, 7, 'خورموج', 'دشتي و تنگستان', 1, 1),
	(50, 7, 'بندرکنگان', 'کنگان ودير وجم', 1, 1),
	(51, 8, 'پاکدشت', 'پاکدشت', 1, 1),
	(52, 8, 'رباط کريم', 'رباط کريم', 1, 1),
	(53, 8, 'شهريار', 'شهريار', 1, 1),
	(54, 8, 'ورامين', 'ورامين', 1, 1),
	(55, 8, 'تهران', 'تهران،ري،شميرانات و اسلامشهر', 1, 1),
	(56, 8, 'دماوند', 'دماوند و فيروزکوه', 1, 1),
	(57, 9, 'شهرکرد', 'شهرکرد', 1, 1),
	(58, 9, 'بروجن', 'بروجن', 1, 1),
	(59, 9, 'لردگان', 'لردگان', 1, 1),
	(60, 9, 'اردل', 'اردل و فارسان و کوهرنگ و کيار', 1, 1),
	(61, 10, 'قائن', 'قائنات', 1, 1),
	(62, 10, 'بيرجند', 'بيرجند و درميان', 1, 1),
	(63, 10, 'نهبندان', 'نهبندان و سربيشه', 1, 1),
	(64, 10, 'فردوس', 'فردوس وسرايان و طبس', 1, 1),
	(65, 11, 'درگز', 'درگز', 1, 1),
	(66, 11, 'مشهد', 'مشهد و کلات', 1, 1),
	(67, 11, 'تربت جام', 'تربت جام وتايباد', 1, 1),
	(68, 11, 'تربت حيدريه', 'تربت حيدريه و مه ولات', 1, 1),
	(69, 11, 'چناران', 'چناران و بينالود', 1, 1),
	(70, 11, 'خواف', 'خواف و رشتخوار', 1, 1),
	(71, 11, 'سبزوار', 'سبزوار وجغتاي و جوين', 1, 1),
	(72, 11, 'فريمان', 'فريمان و سرخس وبخشهاي احمدآباد و رضويه', 1, 1),
	(73, 11, 'قوچان', 'قوچان و فاروج', 1, 1),
	(74, 11, 'کاشمر', 'کاشمرو خليل آباد وبردسکن', 1, 1),
	(75, 11, 'گناباد', 'گناباد و بجستان', 1, 1),
	(76, 11, 'نيشابور', 'نيشابور و تخت جلگه', 1, 1),
	(77, 12, 'اسفراين', 'اسفراين', 1, 1),
	(78, 12, 'شيروان', 'شيروان', 1, 1),
	(79, 12, 'بجنورد', 'بجنورد و مانه وسملقان و جاجرم', 1, 1),
	(80, 13, 'اهواز', 'اهواز', 1, 1),
	(81, 13, 'آبادان', 'آبادان', 1, 1),
	(82, 13, 'انديمشک', 'انديمشک', 1, 1),
	(83, 13, 'بهبهان', 'بهبهان', 1, 1),
	(84, 13, 'خرمشهر', 'خرمشهر', 1, 1),
	(85, 13, 'دزفول', 'دزفول', 1, 1),
	(86, 13, 'شادگان', 'شادگان', 1, 1),
	(87, 13, 'شوش', 'شوش', 1, 1),
	(88, 13, 'ايذه', 'ايذه و باغملک', 1, 1),
	(89, 13, 'بندرماهشهر', 'بندرماهشهر و اميديه وهنديجان', 1, 1),
	(90, 13, 'سوسنگرد', 'دشت آزادگان و هويزه', 1, 1),
	(91, 13, 'رامهرمز', 'رامهرمز و رامشير', 1, 1),
	(92, 13, 'شوشتر', 'شوشتر وگتوند', 1, 1),
	(93, 13, 'مسجدسليمان', 'مسجدسليمان و لالي وهفتگل و انديکا', 1, 1),
	(94, 14, 'قيدار', 'خدابنده', 1, 1),
	(95, 14, 'زنجان', 'زنجان و طارم', 1, 1),
	(96, 14, 'ابهر', 'ابهر و خرمدره', 1, 1),
	(97, 14, 'ماهنشان', 'ماهنشان وايجرود ودهستانهاي بوغداکندي وقلتوق', 1, 1),
	(98, 15, 'دامغان', 'دامغان', 1, 1),
	(99, 15, 'شاهرود', 'شاهرود', 1, 1),
	(100, 15, 'گرمسار', 'گرمسار', 1, 1),
	(101, 15, 'سمنان', 'سمنان و مهدي شهر', 1, 1),
	(102, 16, 'زاهدان', 'زاهدان', 1, 1),
	(103, 16, 'ايرانشهر', 'ايرانشهرو سرباز و دلگان و بخشهاي فنوج ولاشارو بنت وآشار', 1, 1),
	(104, 16, 'چاهبهار', 'چاه بهارو نيک شهر و کنارک', 1, 1),
	(105, 16, 'خاش', 'خاش و بخشهاي نصرت آباد و ميرجاوه و کورين', 1, 1),
	(106, 16, 'زابل', 'زابل و زهک و ميانکنگي', 1, 1),
	(107, 16, 'سراوان', 'سراوان وسيب و سوران وزابلي', 1, 1),
	(108, 17, 'شيراز', 'شيراز', 1, 1),
	(109, 17, 'اقليد', 'اقليد', 1, 1),
	(110, 17, 'جهرم', 'جهرم', 1, 1),
	(111, 17, 'اردکان', 'سپيدان', 1, 1),
	(112, 17, 'فسا', 'فسا', 1, 1),
	(113, 17, 'کازرون', 'کازرون', 1, 1),
	(114, 17, 'ممسني', 'ممسني', 1, 1),
	(115, 17, 'آباده', 'آباده و بوانات و خرم بيد', 1, 1),
	(116, 17, 'ني ريز', 'ني ريز و استهبان', 1, 1),
	(117, 17, 'داراب', 'داراب و زرين دشت', 1, 1),
	(118, 17, 'سروستان', 'سروستان و بخشهاي کوار و کربال', 1, 1),
	(119, 17, 'فيروزآباد', 'فيروزآباد و فراشبند وقيرو کارزين', 1, 1),
	(120, 17, 'لار', 'لارستان و خنج', 1, 1),
	(121, 17, 'لامرد', 'لامرد ومهر', 1, 1),
	(122, 17, 'مرودشت', 'مرودشت وپاسارگاد و ارسنجان', 1, 1),
	(123, 18, 'بوئين زهرا', 'بوئين زهرا', 1, 1),
	(124, 18, 'تاکستان', 'تاکستان', 1, 1),
	(125, 18, 'قزوين', 'قزوين و آبيک و البرز', 1, 1),
	(126, 19, 'قم', 'قم', 1, 1),
	(127, 20, 'بيجار', 'بيجار', 1, 1),
	(128, 20, 'سنندج', 'سنندج و ديواندره و کامياران', 1, 1),
	(129, 20, 'سقز', 'سقز و بانه', 1, 1),
	(130, 20, 'قروه', 'قروه ودهگلان', 1, 1),
	(131, 20, 'مريوان', 'مريوان و سروآباد', 1, 1),
	(132, 21, 'بافت', 'بافت', 1, 1),
	(133, 21, 'رفسنجان', 'رفسنجان', 1, 1),
	(134, 21, 'شهر بابک', 'شهر بابک', 1, 1),
	(135, 21, 'کرمان', 'کرمان و راور', 1, 1),
	(136, 21, 'بم', 'بم و ريگان', 1, 1),
	(137, 21, 'جيرفت', 'جيرفت و عنبر آباد', 1, 1),
	(138, 21, 'زرند', 'زرند وکوهبنان', 1, 1),
	(139, 21, 'سيرجان', 'سيرجان و بردسير', 1, 1),
	(140, 21, 'کهنوج', 'رودبار جنوب وقلعه گنج', 1, 1),
	(141, 22, 'کرمانشاه', 'کرمانشاه', 1, 1),
	(142, 22, 'سنقر', 'سنقر', 1, 1),
	(143, 22, 'اسلام آبادغرب', 'اسلام آبادغرب و دالاهو', 1, 1),
	(144, 22, 'پاوه', 'پاوه و جوانرود و ثلاث باباجاني وروانسر', 1, 1),
	(145, 22, 'قصرشيرين', 'قصرشيرين و سرپل ذهاب وگيلانغرب', 1, 1),
	(146, 22, 'کنگاور', 'کنگاور و صحنه و هرسين', 1, 1),
	(148, 23, 'دوگنبدان', 'گچساران', 1, 1),
	(149, 23, 'ياسوج', 'بويراحمد و دنا', 1, 1),
	(150, 23, 'دهدشت', 'کهگيلويه و بهمئي', 1, 1),
	(151, 24, 'علي آباد', 'علي آباد', 1, 1),
	(152, 24, 'گنبدکاووس', 'گنبدکاووس', 1, 1),
	(153, 24, 'گرگان', 'گرگان و آق قلا', 1, 1),
	(154, 24, 'راميان', 'راميان و آزادشهر', 1, 1),
	(155, 24, 'کردکوي', 'کردکوي و ترکمن و بندرگز', 1, 1),
	(156, 24, 'مينودشت', 'مينودشت و کلاله ومراوه تپه', 1, 1),
	(157, 25, 'رشت', 'رشت', 1, 1),
	(158, 25, 'آستارا', 'آستارا', 1, 1),
	(159, 25, 'آستانه اشرفيه', 'آستانه اشرفيه', 1, 1),
	(160, 25, 'بندرانزلي', 'بندرانزلي', 1, 1),
	(161, 25, 'رودبار', 'رودبار', 1, 1),
	(162, 25, 'صومعه سرا', 'صومعه سرا', 1, 1),
	(163, 25, 'لنگرود', 'لنگرود', 1, 1),
	(164, 25, 'رودسر', 'رودسر و املش', 1, 1),
	(165, 25, 'هشتپر', 'طوالش و رضوانشهرو ماسال', 1, 1),
	(166, 25, 'فومن', 'فومن و شفت', 1, 1),
	(167, 25, 'لاهيجان', 'لاهيجان و سياهکل', 1, 1),
	(168, 26, 'اليگودرز', 'اليگودرز', 1, 1),
	(169, 26, 'بروجرد', 'بروجرد', 1, 1),
	(170, 26, 'پلدختر', 'پلدختر', 1, 1),
	(171, 26, 'کوهدشت', 'کوهدشت', 1, 1),
	(172, 26, 'خرم اباد', 'خرم آباد ودوره', 1, 1),
	(173, 26, 'نورآباد', 'دلفان و سلسله', 1, 1),
	(174, 26, 'دورود', 'دورود و ازنا', 1, 1),
	(175, 27, 'ساري', 'ساري', 1, 1),
	(176, 27, 'آمل', 'آمل', 1, 1),
	(177, 27, 'بابل', 'بابل', 1, 1),
	(178, 27, 'بابلسر', 'بابلسر و فريدونکنار', 1, 1),
	(179, 27, 'بهشهر', 'بهشهر و نکا و گلوگاه', 1, 1),
	(180, 27, 'تنکابن', 'تنکابن و رامسر', 1, 1),
	(181, 27, 'قائم شهر', 'قائم شهر و سوادکوه وجويبار', 1, 1),
	(182, 27, 'نور', 'نور و محمودآباد', 1, 1),
	(183, 27, 'نوشهر', 'نوشهر و چالوس', 1, 1),
	(184, 28, 'خمين', 'خمين', 1, 1),
	(185, 28, 'شازند', 'شازند', 1, 1),
	(186, 28, 'اراک', 'اراک و کميجان وخنداب', 1, 1),
	(187, 28, 'تفرش', 'تفرش و آشتيان', 1, 1),
	(188, 28, 'ساوه', 'ساوه و زرنديه', 1, 1),
	(189, 28, 'محلات', 'محلات و دليجان', 1, 1),
	(190, 29, 'بندرعباس', 'بندرعباس و قشم وابوموسي و حاجي آباد و خمير', 1, 1),
	(191, 29, 'بندرلنگه', 'بندرلنگه و بستک وپارسيان', 1, 1),
	(192, 29, 'ميناب', 'ميناب و رودان و جاسک و سيريک', 1, 1),
	(193, 30, 'همدان', 'همدان', 1, 1),
	(194, 30, 'اسدآباد', 'اسدآباد', 1, 1),
	(195, 30, 'تويسرکان', 'تويسرکان', 1, 1),
	(196, 30, 'رزن', 'رزن', 1, 1),
	(197, 30, 'ملاير', 'ملاير', 1, 1),
	(198, 30, 'نهاوند', 'نهاوند', 1, 1),
	(199, 30, 'بهار', 'بهار و کبوددراهنگ', 1, 1),
	(200, 31, 'اردکان', 'اردکان', 1, 1),
	(201, 31, 'يزد', 'يزد و صدوق', 1, 1),
	(202, 31, 'مهريز', 'مهريز وبافق و ابرکوه وخاتم', 1, 1),
	(203, 31, 'تفت', 'تفت و ميبد', 1, 1),
	(204, 32, 'اصفهان', 'مسيحيان ارمني جنوب ايران', 1, 1),
	(205, 32, 'تهران', 'زرتشتيان', 1, 1),
	(206, 32, 'تهران', 'کليميان', 1, 1),
	(207, 32, 'تهران', 'مسيحيان آشوري وکلداني', 1, 1),
	(208, 32, 'تهران', 'مسيحيان ارمني شمال ايران', 1, 1);
/*!40000 ALTER TABLE `region` ENABLE KEYS */;


-- Dumping structure for table telegramdb.state
DROP TABLE IF EXISTS `state`;
CREATE TABLE IF NOT EXISTS `state` (
  `id` int(10) NOT NULL,
  `name` varchar(50) COLLATE utf32_persian_ci NOT NULL,
  PRIMARY KEY (`id`)
) ENGINE=InnoDB DEFAULT CHARSET=utf32 COLLATE=utf32_persian_ci COMMENT='استان ها';

-- Dumping data for table telegramdb.state: ~32 rows (approximately)
/*!40000 ALTER TABLE `state` DISABLE KEYS */;
REPLACE INTO `state` (`id`, `name`) VALUES
	(1, 'استان اردبيل'),
	(2, 'استان اصفهان'),
	(3, 'استان البرز'),
	(4, 'استان ايلام'),
	(5, 'استان آذربايجان شرقي'),
	(6, 'استان آذربايجان غربي'),
	(7, 'استان بوشهر'),
	(8, 'استان تهران'),
	(9, 'استان چهارمحال و بختياري'),
	(10, 'استان خراسان جنوبي'),
	(11, 'استان خراسان رضوي'),
	(12, 'استان خراسان شمالي'),
	(13, 'استان خوزستان'),
	(14, 'استان زنجان'),
	(15, 'استان سمنان'),
	(16, 'استان سيستان و بلوچستان'),
	(17, 'استان فارس'),
	(18, 'استان قزوين'),
	(19, 'استان قم'),
	(20, 'استان کردستان'),
	(21, 'استان کرمان'),
	(22, 'استان کرمانشاه'),
	(23, 'استان کهکيلويه و بويراحمد'),
	(24, 'استان گلستان'),
	(25, 'استان گيلان'),
	(26, 'استان لرستان'),
	(27, 'استان مازندران'),
	(28, 'استان مرکزي'),
	(29, 'استان هرمزگان'),
	(30, 'استان همدان'),
	(31, 'استان يزد'),
	(32, 'اقليت ها');
/*!40000 ALTER TABLE `state` ENABLE KEYS */;


-- Dumping structure for table telegramdb.users
DROP TABLE IF EXISTS `users`;
CREATE TABLE IF NOT EXISTS `users` (
  `ID` int(10) NOT NULL AUTO_INCREMENT,
  `userName` varchar(50) NOT NULL,
  `phone` varchar(100) NOT NULL,
  `password` varchar(500) NOT NULL,
  `regionId` int(50) NOT NULL,
  `first_name` varchar(50) DEFAULT NULL,
  `last_name` varchar(50) DEFAULT NULL,
  `picture` varchar(500) DEFAULT NULL,
  `google_profile` varchar(500) DEFAULT NULL,
  `email` varchar(100) DEFAULT NULL,
  PRIMARY KEY (`ID`),
  UNIQUE KEY `userName` (`userName`)
) ENGINE=InnoDB AUTO_INCREMENT=51 DEFAULT CHARSET=utf32;

-- Dumping data for table telegramdb.users: ~1 rows (approximately)
/*!40000 ALTER TABLE `users` DISABLE KEYS */;
REPLACE INTO `users` (`ID`, `userName`, `phone`, `password`, `regionId`, `first_name`, `last_name`, `picture`, `google_profile`, `email`) VALUES
	(49, 'vahid', '9109021477', '123456', 79, NULL, NULL, NULL, NULL, NULL),
	(50, 'ali', '9109021477', 'ali', 79, NULL, NULL, NULL, NULL, NULL);
/*!40000 ALTER TABLE `users` ENABLE KEYS */;
/*!40101 SET SQL_MODE=IFNULL(@OLD_SQL_MODE, '') */;
/*!40014 SET FOREIGN_KEY_CHECKS=IF(@OLD_FOREIGN_KEY_CHECKS IS NULL, 1, @OLD_FOREIGN_KEY_CHECKS) */;
/*!40101 SET CHARACTER_SET_CLIENT=@OLD_CHARACTER_SET_CLIENT */;
